-- Adminer 4.8.1 MySQL 5.5.5-10.8.3-MariaDB dump

SET NAMES utf8;
SET time_zone = '+00:00';
SET foreign_key_checks = 0;
SET sql_mode = 'NO_AUTO_VALUE_ON_ZERO';

DROP TABLE IF EXISTS `ci_sessions`;
CREATE TABLE `ci_sessions` (
  `session_id` varchar(40) NOT NULL DEFAULT '0',
  `ip_address` varchar(45) NOT NULL DEFAULT '0',
  `user_agent` varchar(120) NOT NULL,
  `last_activity` int(10) unsigned NOT NULL DEFAULT 0,
  `user_data` text NOT NULL,
  PRIMARY KEY (`session_id`),
  KEY `last_activity_idx` (`last_activity`)
) ENGINE=MyISAM DEFAULT CHARSET=utf8mb3;

INSERT INTO `ci_sessions` (`session_id`, `ip_address`, `user_agent`, `last_activity`, `user_data`) VALUES
('b205c03b98fef655314bce8002c22330',	'182.253.91.125',	'Mozilla/5.0 (Linux; Android 9; vivo 1902 Build/PPR1.180610.011; wv) AppleWebKit/537.36 (KHTML, like Gecko) Chrome/62.0.3',	1633942684,	''),
('dbb436f6f24e37999f7f2b9c9242769f',	'182.253.91.125',	'Mozilla/5.0 (Windows NT 6.1) AppleWebKit/537.36 (KHTML, like Gecko) Chrome/93.0.4577.82 Safari/537.36',	1633939582,	'a:4:{s:9:\"user_data\";s:0:\"\";s:5:\"login\";b:1;s:6:\"u_name\";s:2:\"64\";s:5:\"level\";s:6:\"member\";}'),
('350de6df51bd704d8ea6764f0c9d4304',	'182.253.91.125',	'Mozilla/5.0 (Linux; Android 9; SM-A207F) AppleWebKit/537.36 (KHTML, like Gecko) Chrome/81.0.4044.138 Mobile Safari/537.3',	1633939995,	'a:4:{s:9:\"user_data\";s:0:\"\";s:5:\"login\";b:1;s:6:\"u_name\";s:2:\"84\";s:5:\"level\";s:6:\"member\";}'),
('de0d88602a6785c6f0b2f901ac5163be',	'182.1.20.147',	'Mozilla/5.0 (Linux; Android 8.1.0; CPH1803) AppleWebKit/537.36 (KHTML, like Gecko) Chrome/94.0.4606.61 Mobile Safari/537',	1633940089,	'a:4:{s:9:\"user_data\";s:0:\"\";s:5:\"login\";b:1;s:6:\"u_name\";s:2:\"35\";s:5:\"level\";s:6:\"member\";}'),
('c3209ddf4747e299ae4b51967384141d',	'182.253.91.125',	'Mozilla/5.0 (Windows NT 10.0; Win64; x64) AppleWebKit/537.36 (KHTML, like Gecko) Chrome/94.0.4606.71 Safari/537.36',	1633939583,	'a:4:{s:9:\"user_data\";s:0:\"\";s:5:\"login\";b:1;s:6:\"u_name\";s:5:\"admin\";s:5:\"level\";s:5:\"admin\";}'),
('fc3040caa9ffca2ab86111f3a24f2aa6',	'182.253.91.125',	'Mozilla/5.0 (Linux; Android 6.0.1; CPH1701) AppleWebKit/537.36 (KHTML, like Gecko) Chrome/94.0.4606.71 Mobile Safari/537',	1633939918,	''),
('31c25fef4af339952fc89b2168496468',	'125.165.159.65',	'Mozilla/5.0 (Macintosh; Intel Mac OS X 10_15_7) AppleWebKit/605.1.15 (KHTML, like Gecko) Version/14.1.1 Safari/605.1.15',	1633942618,	'a:4:{s:9:\"user_data\";s:0:\"\";s:5:\"login\";b:1;s:6:\"u_name\";s:1:\"1\";s:5:\"level\";s:6:\"member\";}'),
('cb8d159342f1028835ecf03ed2335102',	'8.29.105.68',	'Mozilla/5.0 (Macintosh; Intel Mac OS X 10.15; rv:93.0) Gecko/20100101 Firefox/93.0',	1633939267,	''),
('d0f02802934821def0d3e838b33f3d17',	'182.253.91.125',	'Mozilla/5.0 (Windows NT 6.1; WOW64) AppleWebKit/537.36 (KHTML, like Gecko) Chrome/58.0.3012.0 Safari/537.36',	1633940045,	'a:4:{s:9:\"user_data\";s:0:\"\";s:5:\"login\";b:1;s:6:\"u_name\";s:2:\"67\";s:5:\"level\";s:6:\"member\";}'),
('b3141dcb2a18f45edde18cd31ffe58f5',	'103.108.22.6',	'Mozilla/5.0 (Linux; Android 10; CPH2239) AppleWebKit/537.36 (KHTML, like Gecko) Chrome/93.0.4577.82 Mobile Safari/537.36',	1633939512,	'a:4:{s:9:\"user_data\";s:0:\"\";s:5:\"login\";b:1;s:6:\"u_name\";s:5:\"admin\";s:5:\"level\";s:5:\"admin\";}'),
('8e8e4e4656da67ba096257bc602ba1ad',	'182.253.91.125',	'Mozilla/5.0 (Windows NT 10.0; Win64; x64) AppleWebKit/537.36 (KHTML, like Gecko) Chrome/94.0.4606.71 Safari/537.36',	1633939515,	'a:4:{s:9:\"user_data\";s:0:\"\";s:5:\"login\";b:1;s:6:\"u_name\";s:2:\"76\";s:5:\"level\";s:6:\"member\";}'),
('0ca796ce6a5582e75e666d797120f788',	'182.253.91.125',	'Mozilla/5.0 (Windows NT 6.1) AppleWebKit/537.36 (KHTML, like Gecko) Chrome/93.0.4577.82 Safari/537.36',	1633939106,	'a:4:{s:9:\"user_data\";s:0:\"\";s:5:\"login\";b:1;s:6:\"u_name\";s:5:\"admin\";s:5:\"level\";s:5:\"admin\";}'),
('b0345d12c3cf3c9f95b52bd15f5d1110',	'182.253.91.125',	'Mozilla/5.0 (Windows NT 10.0; Win64; x64) AppleWebKit/537.36 (KHTML, like Gecko) Chrome/94.0.4606.61 Safari/537.36',	1633942083,	'a:4:{s:9:\"user_data\";s:0:\"\";s:5:\"login\";b:1;s:6:\"u_name\";s:5:\"admin\";s:5:\"level\";s:5:\"admin\";}'),
('6fbebc216634ae89ece8f27221e7e731',	'182.253.91.125',	'Mozilla/5.0 (Linux; Android 9; SM-A207F) AppleWebKit/537.36 (KHTML, like Gecko) Chrome/87.0.4280.141 Mobile Safari/537.3',	1633941860,	''),
('2d3a423dccdce6d69d4e72e821497a93',	'182.253.91.125',	'Mozilla/5.0 (Windows NT 10.0; Win64; x64) AppleWebKit/537.36 (KHTML, like Gecko) Chrome/94.0.4606.71 Safari/537.36',	1633938925,	'a:4:{s:9:\"user_data\";s:0:\"\";s:5:\"login\";b:1;s:6:\"u_name\";s:5:\"admin\";s:5:\"level\";s:5:\"admin\";}'),
('de88b03e8f2fbc2c4ab9a8993389c0b7',	'114.125.14.104',	'Mozilla/5.0 (Linux; Android 11; SM-M115F) AppleWebKit/537.36 (KHTML, like Gecko) Chrome/94.0.4606.80 Mobile Safari/537.3',	1633943526,	''),
('d175336f87514071c1afcc5e6215e66a',	'114.125.14.104',	'Mozilla/5.0 (Linux; Android 11; SM-M115F) AppleWebKit/537.36 (KHTML, like Gecko) Chrome/94.0.4606.80 Mobile Safari/537.3',	1633943526,	'a:4:{s:9:\"user_data\";s:0:\"\";s:5:\"login\";b:1;s:6:\"u_name\";s:5:\"admin\";s:5:\"level\";s:5:\"admin\";}'),
('10683dbf9131afe44d9d13a0a5d9bcfb',	'182.1.47.153',	'Mozilla/5.0 (Linux; Android 11; SAMSUNG SM-A025F) AppleWebKit/537.36 (KHTML, like Gecko) SamsungBrowser/15.0 Chrome/90.0',	1633939039,	'a:4:{s:9:\"user_data\";s:0:\"\";s:5:\"login\";b:1;s:6:\"u_name\";s:2:\"78\";s:5:\"level\";s:6:\"member\";}'),
('66b4643688b71dc6ec97e78774efecc0',	'182.253.91.125',	'Mozilla/5.0 (Windows NT 10.0; Win64; x64) AppleWebKit/537.36 (KHTML, like Gecko) Chrome/94.0.4606.71 Safari/537.36',	1633944211,	''),
('4ee6701cd6905fd397a471f6648e239a',	'182.253.91.125',	'Mozilla/5.0 (Windows NT 10.0; Win64; x64) AppleWebKit/537.36 (KHTML, like Gecko) Chrome/94.0.4606.71 Safari/537.36',	1633943523,	'a:4:{s:9:\"user_data\";s:0:\"\";s:5:\"login\";b:1;s:6:\"u_name\";s:2:\"79\";s:5:\"level\";s:6:\"member\";}'),
('865cbcdae5d1baa00fc2da9dcf35c4be',	'182.253.91.125',	'Mozilla/5.0 (Linux; Android 8.1.0; CPH1803) AppleWebKit/537.36 (KHTML, like Gecko) Chrome/94.0.4606.61 Mobile Safari/537',	1633943853,	'a:4:{s:9:\"user_data\";s:0:\"\";s:5:\"login\";b:1;s:6:\"u_name\";s:2:\"65\";s:5:\"level\";s:6:\"member\";}'),
('3adea118b29c68c25e1adc62f05785a8',	'125.165.159.65',	'Mozilla/5.0 (Macintosh; Intel Mac OS X 10_15_7) AppleWebKit/605.1.15 (KHTML, like Gecko) Version/14.1.1 Safari/605.1.15',	1633943590,	'a:4:{s:9:\"user_data\";s:0:\"\";s:5:\"login\";b:1;s:6:\"u_name\";s:5:\"admin\";s:5:\"level\";s:5:\"admin\";}'),
('b44b70e69f97894391bb73700a7c5e0d',	'182.253.91.125',	'Mozilla/5.0 (X11; Linux x86_64) AppleWebKit/537.36 (KHTML, like Gecko) Chrome/74.0.3729.136 Safari/537.36',	1633940606,	'a:4:{s:9:\"user_data\";s:0:\"\";s:5:\"login\";b:1;s:6:\"u_name\";s:2:\"64\";s:5:\"level\";s:6:\"member\";}'),
('6428d96bdd744242c4c9551cc572f470',	'114.125.4.153',	'Mozilla/5.0 (Windows NT 10.0; Win64; x64) AppleWebKit/537.36 (KHTML, like Gecko) Chrome/94.0.4606.71 Safari/537.36',	1633938016,	'a:4:{s:9:\"user_data\";s:0:\"\";s:5:\"login\";b:1;s:6:\"u_name\";s:2:\"28\";s:5:\"level\";s:6:\"member\";}'),
('fea5c6464a01bc1b7ab6402f8b854db4',	'182.253.91.125',	'Mozilla/5.0 (Windows NT 10.0; Win64; x64) AppleWebKit/537.36 (KHTML, like Gecko) Chrome/94.0.4606.71 Safari/537.36',	1633944322,	''),
('0b4ca864b501dfdb5a4e7991c619cdc6',	'182.253.91.125',	'Mozilla/5.0 (Linux; Android 8.1.0; CPH1803) AppleWebKit/537.36 (KHTML, like Gecko) Chrome/94.0.4606.71 Mobile Safari/537',	1633942549,	''),
('48818224fe25a04d05db355f052dc5b5',	'182.253.91.125',	'Mozilla/5.0 (Windows NT 6.1; WOW64) AppleWebKit/537.36 (KHTML, like Gecko) Chrome/58.0.3012.0 Safari/537.36',	1633942837,	'a:4:{s:9:\"user_data\";s:0:\"\";s:5:\"login\";b:1;s:6:\"u_name\";s:5:\"admin\";s:5:\"level\";s:5:\"admin\";}'),
('31a9b5510942618e85dc54ff7d5349e2',	'8.29.105.68',	'Mozilla/5.0 (Macintosh; Intel Mac OS X 10.15; rv:93.0) Gecko/20100101 Firefox/93.0',	1633939278,	'a:4:{s:9:\"user_data\";s:0:\"\";s:5:\"login\";b:1;s:6:\"u_name\";s:5:\"admin\";s:5:\"level\";s:5:\"admin\";}'),
('915152dbde729785b46d05ab1d8eff8a',	'182.253.91.125',	'Mozilla/5.0 (Linux; Android 9; SM-A207F) AppleWebKit/537.36 (KHTML, like Gecko) Chrome/87.0.4280.141 Mobile Safari/537.3',	1633939067,	'a:4:{s:9:\"user_data\";s:0:\"\";s:5:\"login\";b:1;s:6:\"u_name\";s:2:\"30\";s:5:\"level\";s:6:\"member\";}'),
('f840a5262e7363d1701b45952d2c68db',	'182.1.55.237',	'Mozilla/5.0 (Windows NT 10.0; Win64; x64; rv:93.0) Gecko/20100101 Firefox/93.0',	1633944378,	''),
('6d072043407b2b510a8cefd14528b99b',	'114.125.57.188',	'Mozilla/5.0 (Linux; Android 6.0.1; SM-J510FN) AppleWebKit/537.36 (KHTML, like Gecko) Chrome/71.0.3578.99 Mobile Safari/5',	1633938990,	'a:4:{s:9:\"user_data\";s:0:\"\";s:5:\"login\";b:1;s:6:\"u_name\";s:2:\"79\";s:5:\"level\";s:6:\"member\";}'),
('090ac7da6e003d0117dfa51b22f31f2c',	'182.253.91.125',	'Mozilla/5.0 (Windows NT 10.0; Win64; x64) AppleWebKit/537.36 (KHTML, like Gecko) Chrome/94.0.4606.71 Safari/537.36',	1633942850,	'a:4:{s:9:\"user_data\";s:0:\"\";s:5:\"login\";b:1;s:6:\"u_name\";s:5:\"admin\";s:5:\"level\";s:5:\"admin\";}'),
('12c3036f8986fa6febbb0eecff803bdc',	'182.253.91.125',	'Mozilla/5.0 (Windows NT 6.1; Win64; x64) AppleWebKit/537.36 (KHTML, like Gecko) Chrome/94.0.4606.71 Safari/537.36',	1633944301,	''),
('4d75b00c02a02d26e1e407d7aacb9f16',	'114.125.4.153',	'Mozilla/5.0 (Windows NT 10.0; Win64; x64; rv:92.0) Gecko/20100101 Firefox/92.0',	1633938160,	'a:4:{s:9:\"user_data\";s:0:\"\";s:5:\"login\";b:1;s:6:\"u_name\";s:5:\"admin\";s:5:\"level\";s:5:\"admin\";}'),
('0b9d67323918637362d30083585abf7a',	'182.1.43.83',	'Mozilla/5.0 (Linux; Android 11; V2026) AppleWebKit/537.36 (KHTML, like Gecko) Chrome/94.0.4606.71 Mobile Safari/537.36',	1633938624,	''),
('628d62cddb008645e93d45269aced148',	'182.1.43.83',	'Mozilla/5.0 (Linux; Android 11; V2026) AppleWebKit/537.36 (KHTML, like Gecko) Chrome/94.0.4606.71 Mobile Safari/537.36',	1633938624,	'a:4:{s:9:\"user_data\";s:0:\"\";s:5:\"login\";b:1;s:6:\"u_name\";s:5:\"Admin\";s:5:\"level\";s:5:\"admin\";}'),
('983bd1087cbb53946ab0fc9892ff2ff4',	'114.125.31.127',	'Mozilla/5.0 (Macintosh; Intel Mac OS X 10_13_6) AppleWebKit/537.36 (KHTML, like Gecko) Chrome/94.0.4606.71 Safari/537.36',	1633938910,	'a:4:{s:9:\"user_data\";s:0:\"\";s:5:\"login\";b:1;s:6:\"u_name\";s:2:\"75\";s:5:\"level\";s:6:\"member\";}'),
('6a45598cde53e31a7a8397703f2934d8',	'182.253.91.125',	'Mozilla/5.0 (Windows NT 6.1; Win64; x64) AppleWebKit/537.36 (KHTML, like Gecko) Chrome/94.0.4606.71 Safari/537.36',	1633938895,	'a:4:{s:9:\"user_data\";s:0:\"\";s:5:\"login\";b:1;s:6:\"u_name\";s:2:\"33\";s:5:\"level\";s:6:\"member\";}'),
('0062aef94f4d14d7eabfb92f749c21f0',	'182.253.91.125',	'Mozilla/5.0 (Linux; Android 8.1.0; CPH1803) AppleWebKit/537.36 (KHTML, like Gecko) Chrome/94.0.4606.71 Mobile Safari/537',	1633938925,	'a:4:{s:9:\"user_data\";s:0:\"\";s:5:\"login\";b:1;s:6:\"u_name\";s:5:\"admin\";s:5:\"level\";s:5:\"admin\";}'),
('a3975b173f15b5fbe7c5ca4bedca4970',	'182.253.91.125',	'Mozilla/5.0 (Linux; Android 8.1.0; CPH1803) AppleWebKit/537.36 (KHTML, like Gecko) Chrome/94.0.4606.71 Mobile Safari/537',	1633938943,	'a:4:{s:9:\"user_data\";s:0:\"\";s:5:\"login\";b:1;s:6:\"u_name\";s:5:\"admin\";s:5:\"level\";s:5:\"admin\";}'),
('bb3f965f9dee848296163b40f159baac',	'182.1.0.19',	'Mozilla/5.0 (Macintosh; Intel Mac OS X 10_13_6) AppleWebKit/537.36 (KHTML, like Gecko) Chrome/94.0.4606.71 Safari/537.36',	1633941489,	'a:4:{s:9:\"user_data\";s:0:\"\";s:5:\"login\";b:1;s:6:\"u_name\";s:5:\"admin\";s:5:\"level\";s:5:\"admin\";}'),
('c0e852e7fd358f3041b0b83db82c91a0',	'36.69.11.92',	'Mozilla/5.0 (Windows NT 10.0; Win64; x64) AppleWebKit/537.36 (KHTML, like Gecko) Chrome/94.0.4606.71 Safari/537.36',	1633939680,	''),
('6ba547c6701dbfeb0bf85267c549d96a',	'182.253.91.125',	'Mozilla/5.0 (Linux; Android 10; vivo 1938) AppleWebKit/537.36 (KHTML, like Gecko) Chrome/94.0.4606.71 Mobile Safari/537.',	1633938980,	'a:4:{s:9:\"user_data\";s:0:\"\";s:5:\"login\";b:1;s:6:\"u_name\";s:5:\"admin\";s:5:\"level\";s:5:\"admin\";}'),
('70e37f4568d4dc97b38639c5eba1a4a9',	'114.125.52.69',	'Mozilla/5.0 (iPhone; CPU iPhone OS 14_6 like Mac OS X) AppleWebKit/605.1.15 (KHTML, like Gecko) CriOS/94.0.4606.52 Mobil',	1633939540,	''),
('d424629a82ed13dbd51957d4166eae02',	'182.1.3.209',	'Mozilla/5.0 (Windows NT 10.0; Win64; x64) AppleWebKit/537.36 (KHTML, like Gecko) Chrome/94.0.4606.71 Safari/537.36',	1633939638,	'a:4:{s:9:\"user_data\";s:0:\"\";s:5:\"login\";b:1;s:6:\"u_name\";s:2:\"32\";s:5:\"level\";s:6:\"member\";}'),
('61145f4ba391ae9a4f434ed2d34c30ad',	'114.125.6.49',	'Mozilla/5.0 (Linux; Android 5.0.2; Lenovo A6010) AppleWebKit/537.36 (KHTML, like Gecko) Chrome/89.0.4389.105 Mobile Safa',	1633944190,	''),
('5cbd625b47f57be64ea81bbbf429d24d',	'114.125.12.240',	'Mozilla/5.0 (Linux; Android 11; SM-M115F) AppleWebKit/537.36 (KHTML, like Gecko) Chrome/94.0.4606.80 Mobile Safari/537.3',	1633942769,	'a:4:{s:9:\"user_data\";s:0:\"\";s:5:\"login\";b:1;s:6:\"u_name\";s:5:\"admin\";s:5:\"level\";s:5:\"admin\";}'),
('fe15f6425b0d9ca0bfe3d49f49e22d93',	'114.125.29.108',	'Mozilla/5.0 (Linux; Android 11; SM-M115F) AppleWebKit/537.36 (KHTML, like Gecko) Chrome/94.0.4606.80 Mobile Safari/537.3',	1633942424,	'a:4:{s:9:\"user_data\";s:0:\"\";s:5:\"login\";b:1;s:6:\"u_name\";s:5:\"admin\";s:5:\"level\";s:5:\"admin\";}'),
('be3b149f84faaafa39cc94f719213360',	'182.1.20.208',	'Mozilla/5.0 (X11; Linux x86_64) AppleWebKit/537.36 (KHTML, like Gecko) Chrome/94.0.4606.80 Safari/537.36',	1633942241,	'a:4:{s:9:\"user_data\";s:0:\"\";s:5:\"login\";b:1;s:6:\"u_name\";s:5:\"admin\";s:5:\"level\";s:5:\"admin\";}'),
('cd3f54ead938035dd40369b7626b911e',	'182.253.91.125',	'Mozilla/5.0 (Linux; Android 6.0.1; SM-G532G Build/MMB29T) AppleWebKit/537.36 (KHTML, like Gecko) Chrome/55.0.2883.91 Mob',	1633940128,	'a:4:{s:9:\"user_data\";s:0:\"\";s:5:\"login\";b:1;s:6:\"u_name\";s:5:\"admin\";s:5:\"level\";s:5:\"admin\";}'),
('37c7d76b229b6aeff4e05aa7e5269258',	'182.1.28.144',	'Mozilla/5.0 (X11; Linux x86_64) AppleWebKit/537.36 (KHTML, like Gecko) Chrome/94.0.4606.80 Safari/537.36',	1633940175,	'a:4:{s:9:\"user_data\";s:0:\"\";s:5:\"login\";b:1;s:6:\"u_name\";s:5:\"admin\";s:5:\"level\";s:5:\"admin\";}'),
('a7e73d53a6a456167e90fd33ad4608d9',	'182.253.91.125',	'Mozilla/5.0 (Linux; Android 9; SM-A207F) AppleWebKit/537.36 (KHTML, like Gecko) Chrome/87.0.4280.141 Mobile Safari/537.3',	1633940465,	''),
('d87095fd149f2a712c71e832914c61fa',	'182.1.26.252',	'Mozilla/5.0 (Windows NT 10.0; Win64; x64; rv:92.0) Gecko/20100101 Firefox/92.0',	1633940235,	'a:4:{s:9:\"user_data\";s:0:\"\";s:5:\"login\";b:1;s:6:\"u_name\";s:5:\"admin\";s:5:\"level\";s:5:\"admin\";}'),
('55b9799e96b504a80dd46e8602597151',	'182.253.91.125',	'Mozilla/5.0 (Windows NT 10.0; Win64; x64) AppleWebKit/537.36 (KHTML, like Gecko) Chrome/94.0.4606.71 Safari/537.36',	1633944323,	''),
('5a263f7007a2bf8bd908e24a945d211c',	'182.253.91.125',	'Mozilla/5.0 (Linux; Android 9; SM-A207F) AppleWebKit/537.36 (KHTML, like Gecko) Chrome/87.0.4280.141 Mobile Safari/537.3',	1633944396,	''),
('17e50d61be12dabdd6a99a1ba9b6e728',	'182.253.91.125',	'Mozilla/5.0 (Linux; Android 8.1.0; CPH1803) AppleWebKit/537.36 (KHTML, like Gecko) Chrome/94.0.4606.61 Mobile Safari/537',	1633943436,	'a:4:{s:9:\"user_data\";s:0:\"\";s:5:\"login\";b:1;s:6:\"u_name\";s:2:\"35\";s:5:\"level\";s:6:\"member\";}'),
('5fea07b4fe0cbc3927a6d1c2f37735d7',	'182.253.91.125',	'Mozilla/5.0 (Windows NT 10.0; Win64; x64) AppleWebKit/537.36 (KHTML, like Gecko) Chrome/94.0.4606.71 Safari/537.36',	1633943314,	''),
('bf553b8c10ebc1e0023f863447377946',	'114.125.60.49',	'Mozilla/5.0 (Linux; Android 11; SAMSUNG SM-A025F) AppleWebKit/537.36 (KHTML, like Gecko) SamsungBrowser/15.0 Chrome/90.0',	1633942143,	'a:4:{s:9:\"user_data\";s:0:\"\";s:5:\"login\";b:1;s:6:\"u_name\";s:2:\"78\";s:5:\"level\";s:6:\"member\";}'),
('69a345bc6da0ea04de7b93040ed68e54',	'223.255.231.147',	'Mozilla/5.0 (Linux; Android 10; CPH2239) AppleWebKit/537.36 (KHTML, like Gecko) Chrome/93.0.4577.82 Mobile Safari/537.36',	1633942213,	'a:4:{s:9:\"user_data\";s:0:\"\";s:5:\"login\";b:1;s:6:\"u_name\";s:5:\"admin\";s:5:\"level\";s:5:\"admin\";}'),
('153a0ac19f7f9ff580152ecbdc7cf9f1',	'182.253.91.125',	'Mozilla/5.0 (Windows NT 10.0; Win64; x64) AppleWebKit/537.36 (KHTML, like Gecko) Chrome/94.0.4606.61 Safari/537.36',	1633942335,	'a:4:{s:9:\"user_data\";s:0:\"\";s:5:\"login\";b:1;s:6:\"u_name\";s:5:\"admin\";s:5:\"level\";s:5:\"admin\";}'),
('b1dd997b3a5789a75c0e54b7f0a6a88c',	'182.253.91.125',	'Mozilla/5.0 (Windows NT 10.0; Win64; x64) AppleWebKit/537.36 (KHTML, like Gecko) Chrome/94.0.4606.81 Safari/537.36',	1633943949,	'a:4:{s:9:\"user_data\";s:0:\"\";s:5:\"login\";b:1;s:6:\"u_name\";s:5:\"admin\";s:5:\"level\";s:5:\"admin\";}'),
('28d95efa344a5ad44258d1217e7f7d15',	'127.0.0.1',	'Mozilla/5.0 (Macintosh; Intel Mac OS X 10_15_7) AppleWebKit/605.1.15 (KHTML, like Gecko) Version/14.1.1 Safari/605.1.15',	1633944663,	'a:4:{s:9:\"user_data\";s:0:\"\";s:5:\"login\";b:1;s:6:\"u_name\";s:1:\"1\";s:5:\"level\";s:6:\"member\";}'),
('30bfbbabba4e3916f0e7fa696579c5fe',	'127.0.0.1',	'Mozilla/5.0 (Macintosh; Intel Mac OS X 10_15_7) AppleWebKit/605.1.15 (KHTML, like Gecko) Version/14.1.1 Safari/605.1.15',	1633945408,	'');

DROP TABLE IF EXISTS `jns_akun`;
CREATE TABLE `jns_akun` (
  `id` bigint(20) NOT NULL AUTO_INCREMENT,
  `kd_aktiva` varchar(5) DEFAULT NULL,
  `jns_trans` varchar(50) NOT NULL,
  `akun` enum('Aktiva','Pasiva') DEFAULT NULL,
  `laba_rugi` enum('','PENDAPATAN','BIAYA') NOT NULL DEFAULT '',
  `pemasukan` enum('Y','N') DEFAULT NULL,
  `pengeluaran` enum('Y','N') DEFAULT NULL,
  `aktif` enum('Y','N') NOT NULL,
  PRIMARY KEY (`id`),
  KEY `kd_aktiva` (`kd_aktiva`)
) ENGINE=InnoDB DEFAULT CHARSET=utf8mb3;

INSERT INTO `jns_akun` (`id`, `kd_aktiva`, `jns_trans`, `akun`, `laba_rugi`, `pemasukan`, `pengeluaran`, `aktif`) VALUES
(5,	'A4',	'Piutang Usaha',	'Aktiva',	'',	'Y',	'Y',	'Y'),
(6,	'A5',	'Piutang Karyawan',	'Aktiva',	'',	'N',	'Y',	'N'),
(7,	'A6',	'Pinjaman Anggota',	'Aktiva',	'',	NULL,	NULL,	'Y'),
(8,	'A7',	'Piutang Anggota',	'Aktiva',	'',	'Y',	'Y',	'N'),
(9,	'A8',	'Persediaan Barang',	'Aktiva',	'',	'N',	'Y',	'Y'),
(10,	'A9',	'Biaya Dibayar Dimuka',	'Aktiva',	'',	'N',	'Y',	'Y'),
(11,	'A10',	'Perlengkapan Usaha',	'Aktiva',	'',	'N',	'Y',	'Y'),
(17,	'C',	'Aktiva Tetap Berwujud',	'Aktiva',	'',	NULL,	NULL,	'Y'),
(18,	'C1',	'Peralatan Kantor',	'Aktiva',	'',	'N',	'Y',	'Y'),
(19,	'C2',	'Inventaris Kendaraan',	'Aktiva',	'',	'N',	'Y',	'Y'),
(20,	'C3',	'Mesin',	'Aktiva',	'',	'N',	'Y',	'Y'),
(21,	'C4',	'Aktiva Tetap Lainnya',	'Aktiva',	'',	'Y',	'N',	'Y'),
(26,	'E',	'Modal Pribadi',	'Aktiva',	'',	NULL,	NULL,	'N'),
(27,	'E1',	'Prive',	'Aktiva',	'',	'Y',	'Y',	'N'),
(28,	'F',	'Utang',	'Pasiva',	'',	NULL,	NULL,	'Y'),
(29,	'F1',	'Utang Usaha',	'Pasiva',	'',	'Y',	'Y',	'Y'),
(31,	'K3',	'Pengeluaran Lainnya',	'Aktiva',	'',	'N',	'Y',	'N'),
(32,	'F4',	'Simpanan Sukarela',	'Pasiva',	'',	NULL,	NULL,	'Y'),
(33,	'F5',	'Utang Pajak',	'Pasiva',	'',	'Y',	'Y',	'Y'),
(36,	'H',	'Utang Jangka Panjang',	'Pasiva',	'',	NULL,	NULL,	'Y'),
(37,	'H1',	'Utang Bank',	'Pasiva',	'',	'Y',	'Y',	'Y'),
(38,	'H2',	'Obligasi',	'Pasiva',	'',	'Y',	'Y',	'N'),
(39,	'I',	'Modal',	'Pasiva',	'',	NULL,	NULL,	'Y'),
(40,	'I1',	'Simpanan Pokok',	'Pasiva',	'',	NULL,	NULL,	'Y'),
(41,	'I2',	'Simpanan Wajib',	'Pasiva',	'',	NULL,	NULL,	'Y'),
(42,	'I3',	'Modal Awal',	'Pasiva',	'',	'Y',	'Y',	'Y'),
(43,	'I4',	'Modal Penyertaan',	'Pasiva',	'',	'Y',	'Y',	'N'),
(44,	'I5',	'Modal Sumbangan',	'Pasiva',	'',	'Y',	'Y',	'Y'),
(45,	'I6',	'Modal Cadangan',	'Pasiva',	'',	'Y',	'Y',	'Y'),
(47,	'J',	'Pendapatan',	'Pasiva',	'PENDAPATAN',	NULL,	NULL,	'Y'),
(48,	'J1',	'Pembayaran Angsuran',	'Pasiva',	'',	NULL,	NULL,	'Y'),
(49,	'J2',	'Pendapatan Lainnya',	'Pasiva',	'PENDAPATAN',	'Y',	'N',	'Y'),
(50,	'K',	'Beban',	'Aktiva',	'',	NULL,	NULL,	'Y'),
(52,	'K2',	'Beban Gaji Karyawan',	'Aktiva',	'BIAYA',	'N',	'Y',	'Y'),
(53,	'K3',	'Biaya Listrik dan Air',	'Aktiva',	'BIAYA',	'N',	'Y',	'Y'),
(54,	'K4',	'Biaya Transportasi',	'Aktiva',	'BIAYA',	'N',	'Y',	'Y'),
(60,	'K10',	'Biaya Lainnya',	'Aktiva',	'BIAYA',	'N',	'Y',	'Y'),
(110,	'TRF',	'Transfer Antar Kas',	NULL,	'',	NULL,	NULL,	'N'),
(111,	'A11',	'Permisalan',	'Aktiva',	'',	'Y',	'Y',	'Y');

DROP TABLE IF EXISTS `jns_angsuran`;
CREATE TABLE `jns_angsuran` (
  `id` bigint(20) NOT NULL AUTO_INCREMENT,
  `ket` int(11) NOT NULL,
  `aktif` enum('Y','T','','') NOT NULL,
  PRIMARY KEY (`id`)
) ENGINE=InnoDB DEFAULT CHARSET=utf8mb3;

INSERT INTO `jns_angsuran` (`id`, `ket`, `aktif`) VALUES
(1,	3,	'Y'),
(2,	6,	'Y'),
(3,	18,	'Y'),
(11,	24,	'Y'),
(23,	60,	'Y'),
(24,	42,	'Y'),
(25,	12,	'Y'),
(26,	50,	'Y'),
(27,	12,	'Y'),
(28,	36,	'Y'),
(29,	60,	'Y'),
(30,	24,	'Y'),
(31,	48,	'Y'),
(32,	72,	'Y'),
(33,	50,	'Y'),
(34,	50,	'Y'),
(35,	48,	'Y'),
(36,	48,	'Y'),
(37,	24,	'Y'),
(38,	48,	'Y'),
(39,	96,	'Y'),
(40,	48,	'Y'),
(41,	8,	'Y'),
(42,	70,	''),
(43,	24,	'Y'),
(44,	100,	''),
(45,	20,	'Y'),
(46,	50,	'Y'),
(47,	20,	'Y'),
(48,	10,	'Y');

DROP TABLE IF EXISTS `jns_simpan`;
CREATE TABLE `jns_simpan` (
  `id` int(5) NOT NULL AUTO_INCREMENT,
  `jns_simpan` varchar(30) NOT NULL,
  `jumlah` double NOT NULL,
  `tampil` enum('Y','T') NOT NULL,
  PRIMARY KEY (`id`)
) ENGINE=InnoDB DEFAULT CHARSET=utf8mb3;

INSERT INTO `jns_simpan` (`id`, `jns_simpan`, `jumlah`, `tampil`) VALUES
(32,	'Simpanan Sukarela',	0,	'Y'),
(40,	'Simpanan Pokok',	150000,	'Y'),
(41,	'Simpanan Wajib',	300000,	'Y');

DROP TABLE IF EXISTS `nama_kas_tbl`;
CREATE TABLE `nama_kas_tbl` (
  `id` bigint(20) NOT NULL AUTO_INCREMENT,
  `nama` varchar(225) CHARACTER SET latin1 NOT NULL,
  `aktif` enum('Y','T') CHARACTER SET latin1 NOT NULL,
  `tmpl_simpan` enum('Y','T') CHARACTER SET latin1 NOT NULL,
  `tmpl_penarikan` enum('Y','T') CHARACTER SET latin1 NOT NULL,
  `tmpl_pinjaman` enum('Y','T') CHARACTER SET latin1 NOT NULL,
  `tmpl_bayar` enum('Y','T') CHARACTER SET latin1 NOT NULL,
  `tmpl_pemasukan` enum('Y','T') NOT NULL,
  `tmpl_pengeluaran` enum('Y','T') NOT NULL,
  `tmpl_transfer` enum('Y','T') NOT NULL,
  PRIMARY KEY (`id`)
) ENGINE=InnoDB DEFAULT CHARSET=utf8mb3;

INSERT INTO `nama_kas_tbl` (`id`, `nama`, `aktif`, `tmpl_simpan`, `tmpl_penarikan`, `tmpl_pinjaman`, `tmpl_bayar`, `tmpl_pemasukan`, `tmpl_pengeluaran`, `tmpl_transfer`) VALUES
(1,	'Kas Tunai',	'Y',	'Y',	'Y',	'Y',	'Y',	'Y',	'Y',	'Y'),
(2,	'Kas Besar',	'Y',	'T',	'T',	'Y',	'T',	'Y',	'Y',	'Y'),
(4,	'Sea Bank',	'Y',	'Y',	'T',	'T',	'T',	'T',	'T',	'T'),
(5,	'Bank Mandiri',	'Y',	'Y',	'Y',	'Y',	'Y',	'Y',	'Y',	'Y'),
(6,	'Setor Tunai',	'Y',	'T',	'T',	'T',	'T',	'Y',	'Y',	'Y'),
(7,	'Bank Mandiri',	'T',	'Y',	'T',	'T',	'T',	'T',	'T',	'T'),
(8,	'Kas Simpanan',	'Y',	'Y',	'Y',	'Y',	'Y',	'Y',	'Y',	'Y'),
(9,	'Yayasan',	'Y',	'Y',	'Y',	'Y',	'Y',	'Y',	'Y',	'Y'),
(10,	'Bank BCA',	'Y',	'T',	'T',	'Y',	'Y',	'T',	'T',	'T'),
(12,	'BTPN',	'Y',	'Y',	'Y',	'Y',	'Y',	'Y',	'Y',	'Y'),
(13,	'Bank BNI',	'Y',	'Y',	'Y',	'Y',	'Y',	'Y',	'Y',	'Y');

DROP TABLE IF EXISTS `pekerjaan`;
CREATE TABLE `pekerjaan` (
  `id_kerja` varchar(5) NOT NULL,
  `jenis_kerja` varchar(30) NOT NULL
) ENGINE=MyISAM DEFAULT CHARSET=latin1;

INSERT INTO `pekerjaan` (`id_kerja`, `jenis_kerja`) VALUES
('1',	'TNI'),
('2',	'PNS'),
('3',	'Karyawan Swasta'),
('4',	'Guru'),
('5',	'Buruh'),
('6',	'Tani'),
('7',	'Pedagang'),
('8',	'Wiraswasta'),
('9',	'Mengurus Rumah Tangga'),
('99',	'Lainnya'),
('98',	'Pensiunan'),
('97',	'Penjahit');

DROP TABLE IF EXISTS `suku_bunga`;
CREATE TABLE `suku_bunga` (
  `id` int(10) NOT NULL AUTO_INCREMENT,
  `opsi_key` varchar(20) NOT NULL,
  `opsi_val` varchar(255) DEFAULT NULL,
  PRIMARY KEY (`id`)
) ENGINE=InnoDB DEFAULT CHARSET=utf8mb3;

INSERT INTO `suku_bunga` (`id`, `opsi_key`, `opsi_val`) VALUES
(1,	'bg_tab',	'0'),
(2,	'bg_pinjam',	'10'),
(3,	'biaya_adm',	'0'),
(4,	'denda',	'0'),
(5,	'denda_hari',	'15'),
(6,	'dana_cadangan',	'30'),
(7,	'jasa_anggota',	'20'),
(8,	'dana_pengurus',	'10'),
(9,	'dana_karyawan',	'5'),
(10,	'dana_pend',	'5'),
(11,	'dana_sosial',	'5'),
(12,	'jasa_usaha',	'20'),
(13,	'jasa_modal',	'5'),
(14,	'pjk_pph',	''),
(15,	'pinjaman_bunga_tipe',	'A');

DROP TABLE IF EXISTS `tbl_anggota`;
CREATE TABLE `tbl_anggota` (
  `id` bigint(20) NOT NULL AUTO_INCREMENT,
  `nama` varchar(255) CHARACTER SET latin1 NOT NULL,
  `identitas` varchar(255) NOT NULL,
  `jk` enum('L','P') NOT NULL,
  `tmp_lahir` varchar(225) NOT NULL,
  `tgl_lahir` date NOT NULL,
  `status` varchar(30) NOT NULL,
  `agama` varchar(30) NOT NULL,
  `departement` varchar(255) NOT NULL,
  `pekerjaan` varchar(30) NOT NULL,
  `alamat` text CHARACTER SET latin1 NOT NULL,
  `kota` varchar(255) NOT NULL,
  `notelp` varchar(12) NOT NULL,
  `tgl_daftar` date NOT NULL,
  `jabatan_id` int(10) NOT NULL,
  `aktif` enum('Y','N') NOT NULL,
  `pass_word` varchar(225) NOT NULL,
  `file_pic` varchar(225) NOT NULL,
  PRIMARY KEY (`id`),
  UNIQUE KEY `identitas` (`identitas`)
) ENGINE=InnoDB DEFAULT CHARSET=utf8mb3;

INSERT INTO `tbl_anggota` (`id`, `nama`, `identitas`, `jk`, `tmp_lahir`, `tgl_lahir`, `status`, `agama`, `departement`, `pekerjaan`, `alamat`, `kota`, `notelp`, `tgl_daftar`, `jabatan_id`, `aktif`, `pass_word`, `file_pic`) VALUES
(1,	'Aldo Erianda',	'erianda',	'L',	'Padang',	'2021-10-05',	'Kawin',	'Islam',	'GA',	'PNS',	'Perumahan Jala Utama Blok C no 1 Koto Lua',	'Padang',	'085263791200',	'2021-10-05',	2,	'Y',	'c915d22bdd8fb8efe65269537d27e77b7df1b407',	''),
(2,	'Derisman',	'derisman.lantamal2@gmail.com',	'L',	'Padang',	'1989-11-12',	'Kawin',	'Islam',	'Accounting',	'Lainnya',	'Sasok Ubi RT.001/RW.004 Kelurahan Padang Sarai Kecamatan Koto Tangah',	'Padang',	'082288393923',	'2021-10-06',	1,	'Y',	'50c868fcb0a44f369cca3273821cf41a2a44a619',	''),
(3,	'Edril Hermayendra, ST',	'Mahayendra',	'L',	'Daratan Marantih',	'1981-10-13',	'Kawin',	'Islam',	'GA',	'Lainnya',	'Komplek Wisma Indah III Blok E7 Parupuk Tabing Koto Tangah',	'Padang',	'',	'2021-10-06',	1,	'Y',	'c56cf674d12716ee131889d4c777b9d96ae85778',	''),
(4,	'Nelva Mutia Roza',	'roza',	'P',	'Matur',	'1985-08-13',	'Kawin',	'Islam',	'HRD',	'Karyawan Swasta',	'Perumahan Abi Lubuk Mintrurun Blok A.No.14\nKel Lubuk Minturun. Kec Koto Tangah',	'Padang',	'081374539707',	'1970-01-01',	2,	'Y',	'9a2698fd88b9b2f54f0764de13f5ffb5a9416096',	''),
(5,	'Cici Antika',	'cici',	'P',	'Padang',	'1997-10-29',	'Belum Kawin',	'Islam',	'Accounting',	'Karyawan Swasta',	'Baringin RT/RW 004 002 Kel. Balai gadang Kec. Koto Tangah',	'Padang',	'082350906281',	'2021-10-06',	2,	'Y',	'4ecdf79f5e6efbf85c6013bf624fde95c7e3f948',	''),
(6,	'keke rizki olivia',	'koperasibankbtn',	'P',	'padang',	'1993-12-10',	'Kawin',	'Islam',	'GA',	'Karyawan Swasta',	'komp pesona inanta blok c/16 alai parak kopi',	'padang',	'08535672524',	'2021-10-06',	2,	'Y',	'224bec3dd08832bc6a69873f15a50df406045f40',	''),
(7,	'Nila Sari',	'Nila',	'P',	'Padang',	'1990-05-25',	'Kawin',	'Islam',	'',	'Karyawan Swasta',	'Jl.Andalas Tabek Kunci rt:003 rw:006',	'Padang',	'085263610908',	'2020-10-06',	2,	'Y',	'aa1d6795876ad5e3809d4c2b5e40361edcb7c63d',	''),
(8,	'Annisa',	'annisa28',	'P',	'Padang',	'1996-07-28',	'Belum Kawin',	'Islam',	'Accounting',	'Karyawan Swasta',	'padang',	'padang',	'081234567890',	'2021-10-01',	2,	'Y',	'ba12dddcac3e3b061af3fc47c7e84bb88256d61f',	''),
(9,	'Zulfa Mayasari',	'Nadiva',	'P',	'Padang',	'1993-09-08',	'Kawin',	'Islam',	'Accounting',	'Karyawan Swasta',	'Jalan Kuini No. 79 B Padang',	'Padang',	'08526333653',	'2021-10-06',	1,	'Y',	'c915d22bdd8fb8efe65269537d27e77b7df1b407',	''),
(10,	'Annisa Anja.B',	'chacha',	'P',	'Payakumbuh',	'1996-05-01',	'Belum Kawin',	'Islam',	'Accounting',	'Wiraswasta',	'Jl. Maransi Aia Pacah',	'Padang',	'082386024870',	'2021-10-05',	2,	'Y',	'3dd600da5a63e212ddcfe3ebabef09e0bfd2f9d3',	''),
(11,	'RIRI AZIZ',	'RIRI AZIZ',	'P',	'Padang',	'1969-02-11',	'Kawin',	'Islam',	'Accounting',	'Guru',	'Jl.Apel 2 No.128 Perumnas Belimbing',	'Padang',	'085355174911',	'2021-10-06',	1,	'Y',	'9e8594cec38e201084b241cb1588e8b42c6ef50f',	''),
(12,	'SYAFRIAL',	'Syafrial@gmail.com',	'L',	'KASANG',	'1963-02-28',	'Kawin',	'Islam',	'Accounting',	'Pensiunan',	'Lubuk Buaya. Padang',	'Padang',	'081374865674',	'2021-10-06',	1,	'Y',	'8ef74032faf83d0c2caf3022418196a1e0527972',	''),
(13,	'Elsi Yuliana',	'elsi',	'P',	'Padang',	'1978-07-07',	'Kawin',	'Islam',	'WH',	'PNS',	'Padang',	'Padang',	'081275664441',	'2021-10-06',	1,	'Y',	'5ff33709e06ad598e32a4afab7cbd6a4f6c25bcb',	''),
(14,	'Ida Susanna',	'adisanobi',	'P',	'Padang',	'1973-04-10',	'Kawin',	'Islam',	'HRD',	'Karyawan Swasta',	'Jl. Sawahan I No. 5',	'Padang',	'081266163030',	'2021-10-06',	2,	'Y',	'c915d22bdd8fb8efe65269537d27e77b7df1b407',	''),
(15,	'Sumanti',	'Manti',	'P',	'Padang ',	'1970-08-24',	'Kawin',	'Islam',	'',	'PNS',	'Jl. Salak No.104 Purus Kebun Padang',	'Padang',	'085365215396',	'2021-10-06',	1,	'Y',	'c915d22bdd8fb8efe65269537d27e77b7df1b407',	''),
(16,	'Rilda Gumala',	'gumala',	'P',	'Padang',	'1970-12-07',	'Kawin',	'Islam',	'HRD',	'Guru',	'Jl.Bandar Pulau Karam 6 Padang',	'Padang',	'085364549749',	'2021-10-06',	1,	'Y',	'c915d22bdd8fb8efe65269537d27e77b7df1b407',	''),
(17,	'Eni hidayati',	'enihidayati',	'P',	'Sungai jambu',	'1962-03-10',	'Cerai Mati',	'Islam',	'Produksi BOPP',	'Guru',	'Jaruai 001/004 kel. Bungus barat. Kec bungus teluk kabung',	'Padang',	'082174154735',	'2021-10-06',	2,	'Y',	'c915d22bdd8fb8efe65269537d27e77b7df1b407',	''),
(18,	'Drs. Junaidi',	'junaidi',	'L',	'Padang',	'1962-06-30',	'Kawin',	'Islam',	'Engineering',	'Guru',	'Perumahan Banuaran Blok O No. 10 Banuaran Nan XX Kecamatan Lubuk Begalung',	'Padang',	'081363340236',	'2021-10-06',	2,	'Y',	'df1035345c14cb46c036590af4a9917a0d9c1caa',	''),
(19,	'Bustami',	'bustami',	'L',	'Asam Pulau',	'2021-10-05',	'Kawin',	'Islam',	'GA',	'Guru',	'Jl. Salak VI. No.365\n.\n.',	'Padang',	'0812673546',	'2021-10-05',	1,	'Y',	'7f9765a6b682140b66e3697f648bd86f79096ba8',	''),
(20,	'Syafrial',	'Syafrial1@gmail.com',	'L',	'Kasang',	'1963-02-28',	'Kawin',	'Islam',	'QA',	'PNS',	'Lubuk Buaya',	'Padang',	'082304652348',	'2021-10-06',	1,	'Y',	'c915d22bdd8fb8efe65269537d27e77b7df1b407',	''),
(21,	'Emilia',	'Emilia',	'P',	'palembang',	'1971-06-01',	'',	'Islam',	'',	'PNS',	'padang',	'padang',	'',	'2021-10-06',	1,	'Y',	'ba12dddcac3e3b061af3fc47c7e84bb88256d61f',	''),
(22,	'Risma Sari',	'Risma',	'P',	'Padang',	'1979-03-08',	'Kawin',	'Islam',	'QA',	'PNS',	'Jalan Parkit 7 No 10 Air Tawar Barat',	'Padang',	'082174156079',	'2021-10-06',	1,	'Y',	'c915d22bdd8fb8efe65269537d27e77b7df1b407',	''),
(23,	'Herawati',	'hera',	'P',	'Lubuak Basung',	'1972-05-05',	'Cerai Mati',	'Islam',	'Accounting',	'Karyawan Swasta',	'Kuranji',	'Padang',	'085263600072',	'2021-10-05',	1,	'Y',	'b5d6bab7cccf73ad418e6f90bdb639556d02852f',	''),
(24,	'Sri Juniarti',	'Sri',	'P',	'Padang',	'1980-06-02',	'Kawin',	'Islam',	'Accounting',	'PNS',	'Jalan DR. M. Hatta No 11 RT 03 RW 04 Ketaping',	'Padang',	'08116617798',	'2021-10-06',	1,	'Y',	'988a430140d5c6fb37fa1741e402cf0b413c30fd',	''),
(25,	'Yona ',	'yona',	'P',	'Padang',	'1991-10-01',	'Kawin',	'Islam',	'Produksi BOPP',	'PNS',	'Jati Baru, Kec. Padang Tim., Kota Padang, Sumatera Barat',	'Padang',	'085356011008',	'2021-10-06',	2,	'Y',	'70f6613584826cf1f451f40c1e1ecf40e9d794b0',	''),
(26,	'RAHIMI MAIMORA',	'RAHIMI',	'P',	'PADANG',	'1974-05-12',	'Kawin',	'Islam',	'',	'Buruh',	'JL. PESISIR SELATAN 3 NO. 450 PERUMNAS SITEBA',	'PADANG',	'083193339725',	'2021-10-06',	2,	'Y',	'cf84b3e45b544dbac38544e4232b3be2e3fd4ad3',	''),
(27,	'Junafri, S.Sos',	'196873',	'L',	'Tarusan',	'2011-10-31',	'Belum Kawin',	'Islam',	'HRD',	'PNS',	'Padang',	'Padang',	'08********21',	'2021-10-05',	2,	'Y',	'9d80c291125fd49f38c0e0f9b849a031e08c9f19',	''),
(28,	'YUGEM',	'yugem',	'L',	'padang',	'1987-08-29',	'Kawin',	'Islam',	'Engineering',	'PNS',	'Andalas',	'Padang',	'085263995539',	'2021-10-11',	2,	'Y',	'4dddaff18adb43085fee50a3c84df5b6af7a92fd',	''),
(29,	'Gusmina, S.Pd',	'196503',	'P',	'Padang',	'2011-10-13',	'Belum Kawin',	'Islam',	'HRD',	'PNS',	'Padang',	'Padang',	'08********82',	'2020-10-21',	1,	'Y',	'fa0d5f434d2274332e61027ee6f6ce576df27fc0',	''),
(30,	'JUFRIN',	'jufrin',	'L',	'Painan',	'1964-12-19',	'Kawin',	'Islam',	'Accounting',	'PNS',	'Komp. Pemda Limau Manis B/26, RT.01, RW 06 Kel.Koto Lua Pauh ',	'Padang',	'085263667913',	'2021-10-11',	2,	'Y',	'0dd00f09238b9712b30ea3acfc925f68d9a3cb3a',	''),
(31,	'Masnisar, SE',	'197312',	'P',	'Garagahan',	'2011-10-24',	'Belum Kawin',	'Islam',	'Produksi Slitting',	'PNS',	'Koto Lua',	'Padang',	'08********95',	'2018-10-24',	1,	'Y',	'07bf0a3d0a8a89aa2ed1cbd9a125e276d6c138b5',	''),
(32,	'RIZA WAHYUNI',	'RIZA',	'P',	'PADANG',	'1977-06-04',	'Kawin',	'Islam',	'GA',	'PNS',	'JL. PADANG PASIR 9 NO 69',	'PADANG',	'08126614619',	'2021-10-11',	1,	'Y',	'c915d22bdd8fb8efe65269537d27e77b7df1b407',	''),
(33,	'Parmisawati',	'PW24',	'P',	'Padang',	'1972-03-24',	'Kawin',	'Islam',	'GA',	'PNS',	'Balai Baru Kuranji ',	'Padang',	'08126698427',	'2021-10-11',	1,	'Y',	'1e157dd5081c6699192c94068932336f5c00ebf5',	''),
(34,	'Rina Umar',	'Rina',	'P',	'Bukittinggi',	'1978-09-10',	'Kawin',	'Islam',	'GA',	'Guru',	'Komplek BCA Andalas Kelurahan Andalas',	'Padang',	'08126636678',	'2021-10-11',	2,	'Y',	'c9f33e02ee67dc9f26d27e808f4dbbbec33153ea',	''),
(35,	'Elvirdanetti',	'Parlaw',	'P',	'Padang',	'1979-01-12',	'Kawin',	'Islam',	'GA',	'PNS',	'Jl. Bariang perum arianta anduring kuranji',	'Padang',	'081363808047',	'2021-10-11',	1,	'Y',	'c915d22bdd8fb8efe65269537d27e77b7df1b407',	''),
(49,	'Deffi Mailita, S.Pd',	'deffi1973',	'P',	'Padang',	'1973-05-10',	'Kawin',	'Islam',	'GA',	'Guru',	'Komplek Kuala Nyiur 2 Blok D no 9 Kelurahan Pasir Nan Tigo Kecamatan Koto Tangah',	'Padang',	'081363471328',	'2021-10-11',	1,	'Y',	'9fabf8282a256c6a6a99fb0a700027b9795a8587',	''),
(64,	'Jamaksar',	'Sar',	'L',	'Padang Bungo',	'1963-09-01',	'Kawin',	'Islam',	'Accounting',	'PNS',	'Jl. Rambutan IV-40 Belimbing',	'Padang',	'08116681963',	'2021-10-11',	2,	'Y',	'023b49d46dcdad861d46cb79f2726f3d8ccaeec5',	''),
(65,	'Riza Sriyanti',	'Yanti',	'P',	'Agam',	'1989-08-20',	'Kawin',	'Islam',	'GA',	'Guru',	'Perum. Tarok Blok C No. 14 Kel. Kampung Jua NAN XX',	'Padang',	'081267624876',	'2021-10-11',	2,	'Y',	'c915d22bdd8fb8efe65269537d27e77b7df1b407',	''),
(67,	'Amril Syah',	'Amril',	'L',	'Tapan',	'1967-04-01',	'Belum Kawin',	'Islam',	'GA',	'PNS',	'RT 02 RW No. 11 limau manis',	'Padang',	'081363343108',	'2021-10-11',	2,	'Y',	'c915d22bdd8fb8efe65269537d27e77b7df1b407',	''),
(72,	'RIZA WAHYUNI',	'YUNI',	'P',	'PADANG',	'1977-06-04',	'Kawin',	'Islam',	'GA',	'PNS',	'JL PADANG PASIR 9 NO 69',	'PADANG',	'08126614619',	'2021-10-11',	2,	'Y',	'c915d22bdd8fb8efe65269537d27e77b7df1b407',	''),
(74,	'Rizza Trisna',	'Rizza',	'P',	'Padang',	'1979-04-17',	'Kawin',	'Islam',	'GA',	'PNS',	'Jl. Rawang Timur IV no 38',	'Padang',	'085376202333',	'2021-10-11',	2,	'Y',	'1e157dd5081c6699192c94068932336f5c00ebf5',	''),
(75,	'Narendra Ibrahim',	'naren',	'L',	'Padang',	'1989-10-01',	'Belum Kawin',	'Islam',	'GA',	'PNS',	'Perumahan Jala Utama Blok C no 1 Koto Lua',	'Padang',	'085356011008',	'2021-10-11',	2,	'Y',	'c915d22bdd8fb8efe65269537d27e77b7df1b407',	''),
(76,	'Dra. Anggia Dermi, M. Pd',	'Anggia',	'P',	'Agam',	'1966-10-03',	'Kawin',	'Islam',	'GA',	'PNS',	'Jati Rawang Melayu No. 44 RT 03 RW 03 Kelurahan Jati Padang Timur',	'Padang',	'081374915050',	'2021-10-11',	2,	'Y',	'091ba30d39f5828c911d12443dc9996a6f8440e0',	''),
(77,	'meirita',	'rita1966',	'P',	'Padang',	'1966-05-09',	'Kawin',	'Islam',	'GA',	'PNS',	'Komp Green Arya Blok D/3 Tb Bd Gadang nanggalo',	'Padang',	'08126724307',	'2021-10-11',	1,	'Y',	'3e732e22990058d0cf82fb9bbb95f6a715eb135c',	''),
(78,	'Debi Ria Saputri',	'koperasi',	'P',	'Pasar Baru',	'1983-12-02',	'Kawin',	'Islam',	'GA',	'Karyawan Swasta',	'Jalan Langsat II blok B7 Perumnas Indarung ',	'Padang',	'081363305133',	'2021-10-11',	1,	'Y',	'aa1d6795876ad5e3809d4c2b5e40361edcb7c63d',	''),
(79,	'Mainar',	'Mainar',	'P',	'Padang',	'1975-05-08',	'Kawin',	'Islam',	'GA',	'PNS',	'Kel. Alai Parak Kopi RT 003 RW 014 Kec Padang Utara',	'Padang',	'081270820078',	'2021-10-11',	2,	'Y',	'82f82df148318493291d5f1f0f0adb93b0b306a1',	''),
(80,	'DESI F',	'DESI',	'P',	'PADANG',	'1982-12-24',	'Kawin',	'Islam',	'QA',	'PNS',	'PISANG',	'PADANG',	'081266006791',	'2021-10-10',	2,	'Y',	'738c8cc1c4e2d90962a2313eed5250aa38b8972e',	''),
(81,	'YOVA PUSPASARI',	'YOVA',	'P',	'PADANG',	'1983-04-20',	'Kawin',	'Islam',	'QA',	'PNS',	'KOTO LUA',	'PADANG',	'081363281765',	'2021-10-10',	2,	'Y',	'738c8cc1c4e2d90962a2313eed5250aa38b8972e',	''),
(82,	'YULIASMI',	'YULI',	'P',	'PADANG',	'1979-10-03',	'Kawin',	'Islam',	'QA',	'PNS',	'AIR DINGIN',	'PADANG',	'085277312854',	'2021-10-10',	2,	'Y',	'738c8cc1c4e2d90962a2313eed5250aa38b8972e',	''),
(83,	'Usmiati',	'Usmiati',	'P',	'Bandung',	'1962-02-11',	'Kawin',	'Islam',	'',	'Guru',	'kuranji',	'padang',	'081374700058',	'2021-10-11',	1,	'Y',	'0a330d6155f1ea874c31bf27d5faeb9f279570ef',	''),
(84,	'Anmarti',	'Anmarti',	'P',	'Surantih',	'1978-03-11',	'Kawin',	'Islam',	'GA',	'PNS',	'Kamela Permai Blok E No.7 RT 002 RW 013 Lubuk Buaya',	'Padang',	'081266334175',	'2021-10-11',	2,	'Y',	'ff035c7cc6ff542592d52d4504e04ee5ef24981a',	''),
(85,	'Afitri Sudianto',	'Sudysisme',	'L',	'Batu Manjulur',	'1988-10-13',	'Kawin',	'Islam',	'Accounting',	'Guru',	'Komplek Pemda Limau Manih',	'Padaang',	'081266637349',	'2021-10-11',	1,	'Y',	'af69274953b809a7f7a62e9704b4a2dfa5789b16',	'');

DROP TABLE IF EXISTS `tbl_barang`;
CREATE TABLE `tbl_barang` (
  `id` bigint(20) NOT NULL AUTO_INCREMENT,
  `nm_barang` varchar(255) NOT NULL,
  `type` varchar(50) NOT NULL,
  `merk` varchar(50) NOT NULL,
  `harga` double NOT NULL,
  `jml_brg` int(11) NOT NULL,
  `ket` varchar(255) NOT NULL,
  PRIMARY KEY (`id`)
) ENGINE=InnoDB DEFAULT CHARSET=latin1;

INSERT INTO `tbl_barang` (`id`, `nm_barang`, `type`, `merk`, `harga`, `jml_brg`, `ket`) VALUES
(1,	'Lemari Es',	'Elektronik',	'Toshiba',	500000,	0,	''),
(2,	'Komputer',	'K300 Corei3',	'Asus',	5000000,	2,	''),
(3,	'Kompor Gas',	'Tr675000',	'Rinai',	100000,	4,	''),
(4,	'Pinjaman Uang',	'Uang',	'-',	1000000,	200,	''),
(5,	'AC',	'Dinding',	'Panasonic',	3500000,	-2,	''),
(6,	'KULKAS',	'',	'Sharp',	1700000,	0,	''),
(7,	'Uang',	'',	'',	2000000,	199,	'');

DROP TABLE IF EXISTS `tbl_pengajuan`;
CREATE TABLE `tbl_pengajuan` (
  `id` bigint(20) NOT NULL AUTO_INCREMENT,
  `no_ajuan` int(11) NOT NULL,
  `ajuan_id` varchar(255) NOT NULL,
  `anggota_id` bigint(20) NOT NULL,
  `tgl_input` datetime NOT NULL,
  `jenis` varchar(255) NOT NULL,
  `nominal` bigint(20) NOT NULL,
  `lama_ags` int(11) NOT NULL,
  `keterangan` varchar(255) NOT NULL,
  `status` tinyint(4) NOT NULL,
  `alasan` varchar(255) DEFAULT NULL,
  `tgl_cair` date DEFAULT NULL,
  `tgl_update` datetime DEFAULT NULL,
  PRIMARY KEY (`id`),
  KEY `user_id` (`anggota_id`),
  CONSTRAINT `tbl_pengajuan_ibfk_1` FOREIGN KEY (`anggota_id`) REFERENCES `tbl_anggota` (`id`)
) ENGINE=InnoDB DEFAULT CHARSET=utf8mb3;

INSERT INTO `tbl_pengajuan` (`id`, `no_ajuan`, `ajuan_id`, `anggota_id`, `tgl_input`, `jenis`, `nominal`, `lama_ags`, `keterangan`, `status`, `alasan`, `tgl_cair`, `tgl_update`) VALUES
(1,	1,	'B.21.10.001',	1,	'2021-10-06 10:49:01',	'Biasa',	2000,	3,	'dkjf',	0,	NULL,	NULL,	'2021-10-06 10:49:01'),
(2,	2,	'B.21.10.002',	22,	'2021-10-06 10:57:38',	'Biasa',	50000000,	36,	'Renovasi Rumah ',	1,	'Tidak ada pinjaman lainnya',	'2021-10-06',	'2021-10-06 10:59:00'),
(3,	3,	'B.21.10.003',	2,	'2021-10-06 11:10:00',	'Biasa',	4000000,	10,	'Uang Kuliah Anak',	3,	'ACC',	'2021-10-06',	'2021-10-06 11:48:00'),
(4,	4,	'B.21.10.004',	1,	'2021-10-06 11:18:23',	'Biasa',	1000000,	12,	'Untuk keperluan sehari-hari',	1,	'',	'2021-10-06',	'2021-10-06 12:01:00'),
(5,	5,	'B.21.10.005',	14,	'2021-10-06 11:19:28',	'Biasa',	1000000,	10,	'USAHA',	1,	'',	'2021-10-06',	'2021-10-06 12:01:00'),
(6,	6,	'B.21.10.006',	7,	'2021-10-06 11:19:31',	'Biasa',	1000000,	12,	'Beli Bahan bangunan',	1,	'setuju',	'2021-10-06',	'2021-10-06 11:27:00'),
(7,	7,	'B.21.10.007',	10,	'2021-10-06 11:19:45',	'Biasa',	1000000,	12,	'untuk kegiatan usaha',	1,	'Ya',	'2021-10-06',	'2021-10-06 11:29:00'),
(8,	8,	'B.21.10.008',	8,	'2021-10-06 11:19:47',	'Biasa',	25000000,	24,	'biaya kuliah',	1,	'',	'2021-10-06',	'2021-10-06 12:01:00'),
(9,	9,	'B.21.10.009',	25,	'2021-10-06 11:19:50',	'Biasa',	1000000,	12,	'beli barang',	1,	'setuju ',	'2021-10-06',	'2021-10-06 11:26:00'),
(10,	10,	'B.21.10.010',	9,	'2021-10-06 11:19:52',	'Biasa',	1000000,	12,	'Membeli ATK ',	1,	'',	'2021-10-06',	'2021-10-06 11:35:00'),
(11,	11,	'B.21.10.011',	19,	'2021-10-06 11:20:03',	'Biasa',	1000000,	10,	'beli buku',	0,	NULL,	NULL,	'2021-10-06 11:20:03'),
(12,	12,	'B.21.10.012',	5,	'2021-10-06 11:20:13',	'Biasa',	1000000,	12,	'Beli Bahan Bangunan',	1,	'Setuju',	'2021-10-06',	'2021-10-06 11:28:00'),
(13,	13,	'B.21.10.013',	4,	'2021-10-06 11:20:54',	'Biasa',	1000000,	12,	'Pembelian Bahan Bangunan',	1,	'Setuju',	'2021-10-06',	'2021-10-06 11:27:00'),
(14,	14,	'B.21.10.014',	6,	'2021-10-06 11:21:27',	'Biasa',	20000000,	36,	'keperluan keluarga',	1,	'tidak ada pinjaman',	'2021-10-06',	'2021-10-06 11:30:00'),
(15,	15,	'B.21.10.015',	1,	'2021-10-06 11:21:46',	'Biasa',	500000,	6,	'Untuk keperluan sehari-hari',	3,	'',	'2021-10-06',	'2021-10-06 11:32:00'),
(16,	16,	'B.21.10.016',	14,	'2021-10-06 11:21:46',	'Biasa',	500000,	10,	'USAHA',	1,	'',	'2021-10-06',	'2021-10-06 12:00:00'),
(17,	17,	'B.21.10.017',	21,	'2021-10-06 11:22:13',	'Biasa',	5000000,	3,	'keperluan sehari-hari',	1,	'',	'2021-10-06',	'2021-10-06 12:00:00'),
(18,	1,	'D.21.10.001',	3,	'2021-10-06 11:23:57',	'Darurat',	15000000,	1,	'Renovasi Rumah',	1,	'',	'2021-10-06',	'2021-10-06 12:00:00'),
(19,	18,	'B.21.10.018',	11,	'2021-10-06 11:26:33',	'Biasa',	10000000,	10,	'Beli Laptop',	3,	'',	'2021-10-06',	'2021-10-06 12:11:00'),
(20,	19,	'B.21.10.019',	12,	'2021-10-06 11:26:51',	'Biasa',	1500000,	10,	'Membeli ATK',	1,	'',	'2021-10-06',	'2021-10-06 11:30:00'),
(21,	20,	'B.21.10.020',	16,	'2021-10-06 11:37:44',	'Biasa',	10000000,	24,	'pinjaman',	1,	'',	'2021-10-06',	'2021-10-06 12:09:00'),
(22,	21,	'B.21.10.021',	17,	'2021-10-06 11:38:19',	'Biasa',	1000000,	10,	'Perbaiki laptop',	3,	'',	'2021-10-06',	'2021-10-06 11:48:00'),
(31,	30,	'B.21.10.030',	15,	'2021-10-06 11:39:43',	'Biasa',	1000000,	12,	'rehab rumah',	3,	'',	'2021-10-06',	'2021-10-11 16:09:00'),
(32,	31,	'B.21.10.031',	81,	'2021-10-11 16:01:25',	'Biasa',	10000000,	12,	'Beli kulkas dan TV',	3,	'lancar',	'2021-10-11',	'2021-10-11 16:08:00'),
(33,	32,	'B.21.10.032',	77,	'2021-10-11 16:08:01',	'Biasa',	10000000,	10,	'pinjaman an meirita',	0,	NULL,	NULL,	'2021-10-11 16:08:01'),
(34,	33,	'B.21.10.033',	82,	'2021-10-11 16:10:20',	'Biasa',	20000000,	10,	'beli motor',	3,	'Belum ada hutang',	'2021-10-11',	'2021-10-11 16:11:00'),
(35,	34,	'B.21.10.034',	80,	'2021-10-11 16:16:01',	'Biasa',	15000000,	10,	'Beli laptop',	3,	'Belum ada hutang',	'2021-10-11',	'2021-10-11 16:17:00');

DROP TABLE IF EXISTS `tbl_pinjaman_d`;
CREATE TABLE `tbl_pinjaman_d` (
  `id` bigint(20) NOT NULL AUTO_INCREMENT,
  `tgl_bayar` datetime NOT NULL,
  `pinjam_id` bigint(20) NOT NULL,
  `angsuran_ke` bigint(20) NOT NULL,
  `jumlah_bayar` int(11) NOT NULL,
  `denda_rp` int(11) DEFAULT NULL,
  `terlambat` int(11) DEFAULT NULL,
  `ket_bayar` enum('Angsuran','Pelunasan','Bayar Denda') NOT NULL,
  `dk` enum('D','K') NOT NULL,
  `kas_id` bigint(20) NOT NULL,
  `jns_trans` bigint(20) NOT NULL,
  `update_data` datetime DEFAULT NULL,
  `user_name` varchar(255) NOT NULL,
  `keterangan` varchar(255) NOT NULL,
  PRIMARY KEY (`id`),
  KEY `kas_id` (`kas_id`),
  KEY `user_name` (`user_name`),
  KEY `pinjam_id` (`pinjam_id`),
  KEY `jns_trans` (`jns_trans`),
  CONSTRAINT `tbl_pinjaman_d_ibfk_1` FOREIGN KEY (`pinjam_id`) REFERENCES `tbl_pinjaman_h` (`id`) ON DELETE CASCADE ON UPDATE CASCADE,
  CONSTRAINT `tbl_pinjaman_d_ibfk_2` FOREIGN KEY (`kas_id`) REFERENCES `nama_kas_tbl` (`id`) ON UPDATE CASCADE,
  CONSTRAINT `tbl_pinjaman_d_ibfk_3` FOREIGN KEY (`user_name`) REFERENCES `tbl_user` (`u_name`) ON DELETE CASCADE,
  CONSTRAINT `tbl_pinjaman_d_ibfk_4` FOREIGN KEY (`jns_trans`) REFERENCES `jns_akun` (`id`) ON UPDATE CASCADE
) ENGINE=InnoDB DEFAULT CHARSET=utf8mb3;

INSERT INTO `tbl_pinjaman_d` (`id`, `tgl_bayar`, `pinjam_id`, `angsuran_ke`, `jumlah_bayar`, `denda_rp`, `terlambat`, `ket_bayar`, `dk`, `kas_id`, `jns_trans`, `update_data`, `user_name`, `keterangan`) VALUES
(1,	'2021-10-06 12:11:00',	15,	1,	85700,	0,	NULL,	'Angsuran',	'D',	1,	48,	NULL,	'admin',	'test'),
(2,	'2021-10-06 12:12:00',	16,	1,	282100,	0,	NULL,	'Angsuran',	'D',	1,	48,	NULL,	'admin',	''),
(3,	'2021-10-07 12:10:00',	16,	2,	282100,	0,	NULL,	'Angsuran',	'D',	1,	48,	NULL,	'admin',	''),
(4,	'2021-10-06 12:13:00',	14,	1,	169800,	0,	NULL,	'Angsuran',	'D',	1,	48,	NULL,	'admin',	''),
(5,	'2021-11-03 12:10:00',	14,	2,	169800,	0,	NULL,	'Angsuran',	'D',	1,	48,	NULL,	'admin',	''),
(6,	'2021-10-06 12:14:00',	16,	3,	282100,	0,	NULL,	'Angsuran',	'D',	5,	48,	NULL,	'admin',	''),
(7,	'2021-10-06 12:15:00',	4,	1,	85700,	0,	NULL,	'Angsuran',	'D',	1,	48,	NULL,	'admin',	''),
(8,	'2021-10-06 12:15:00',	13,	1,	9900,	0,	NULL,	'Angsuran',	'D',	1,	48,	NULL,	'admin',	'ang ke 1'),
(9,	'2021-10-06 12:15:00',	15,	2,	85700,	0,	NULL,	'Angsuran',	'D',	1,	48,	NULL,	'admin',	'-'),
(10,	'2021-10-06 12:15:00',	7,	1,	355000,	0,	NULL,	'Angsuran',	'D',	1,	48,	NULL,	'admin',	'Angsuran I'),
(11,	'2021-10-06 12:15:00',	15,	3,	85700,	0,	NULL,	'Angsuran',	'D',	1,	48,	NULL,	'admin',	'-'),
(12,	'2021-10-06 12:16:00',	10,	1,	85700,	0,	NULL,	'Angsuran',	'D',	1,	48,	NULL,	'admin',	''),
(13,	'2021-10-06 12:16:00',	5,	1,	11600,	0,	NULL,	'Angsuran',	'D',	1,	48,	NULL,	'admin',	''),
(15,	'2021-10-06 12:16:00',	6,	1,	35200,	0,	NULL,	'Angsuran',	'D',	1,	48,	NULL,	'admin',	''),
(16,	'2021-10-06 12:16:00',	12,	1,	144600,	0,	NULL,	'Angsuran',	'D',	1,	48,	NULL,	'admin',	''),
(17,	'2021-10-06 12:16:00',	11,	1,	355000,	0,	NULL,	'Angsuran',	'D',	1,	48,	NULL,	'admin',	''),
(18,	'2021-10-06 12:19:00',	17,	1,	843200,	0,	NULL,	'Angsuran',	'D',	5,	48,	NULL,	'admin',	''),
(19,	'2021-11-04 16:00:00',	19,	1,	1096000,	0,	NULL,	'Angsuran',	'D',	12,	48,	NULL,	'admin',	''),
(20,	'2021-10-11 16:03:00',	24,	1,	456700,	0,	NULL,	'Angsuran',	'D',	1,	48,	NULL,	'admin',	''),
(21,	'2021-10-11 16:03:00',	26,	1,	2740000,	0,	NULL,	'Angsuran',	'D',	1,	48,	NULL,	'admin',	'Pembayaran bulan Oktober'),
(22,	'2021-11-03 16:00:00',	19,	2,	1096000,	0,	NULL,	'Angsuran',	'D',	12,	48,	NULL,	'admin',	''),
(23,	'2021-10-11 16:05:00',	25,	1,	913300,	0,	NULL,	'Angsuran',	'D',	1,	48,	NULL,	'admin',	'Tunai'),
(24,	'2021-10-11 16:08:00',	20,	1,	4566700,	0,	NULL,	'Angsuran',	'D',	1,	48,	NULL,	'admin',	''),
(25,	'2021-10-11 16:08:00',	31,	1,	3288000,	0,	NULL,	'Angsuran',	'D',	1,	48,	NULL,	'admin',	''),
(26,	'2021-11-01 16:05:00',	20,	2,	4566700,	0,	NULL,	'Angsuran',	'D',	1,	48,	NULL,	'admin',	''),
(27,	'2021-10-11 16:09:00',	23,	1,	456700,	0,	NULL,	'Angsuran',	'D',	1,	48,	NULL,	'Admin',	'Oktober'),
(28,	'2021-10-11 16:11:00',	22,	1,	456700,	0,	NULL,	'Angsuran',	'D',	1,	48,	NULL,	'admin',	'oktober'),
(29,	'2021-11-11 16:10:00',	31,	2,	3288000,	0,	NULL,	'Angsuran',	'D',	1,	48,	NULL,	'admin',	''),
(30,	'2021-10-11 16:17:00',	29,	1,	456700,	0,	NULL,	'Angsuran',	'D',	1,	48,	NULL,	'admin',	'Angsuran 1'),
(31,	'2021-10-11 16:19:00',	32,	1,	5500000,	0,	NULL,	'Angsuran',	'D',	1,	48,	NULL,	'admin',	''),
(32,	'2021-10-11 16:20:00',	36,	1,	1650000,	0,	NULL,	'Angsuran',	'D',	5,	48,	NULL,	'admin',	'debit bank mandiri'),
(33,	'2021-10-11 16:20:00',	32,	2,	5500000,	0,	NULL,	'Angsuran',	'D',	1,	48,	NULL,	'admin',	''),
(34,	'2021-10-11 16:22:00',	36,	2,	1650000,	0,	NULL,	'Angsuran',	'D',	1,	48,	NULL,	'admin',	'langsung bayar ke bendahara'),
(35,	'2021-10-11 16:22:00',	29,	2,	5023700,	NULL,	NULL,	'Pelunasan',	'D',	1,	48,	NULL,	'admin',	'Pelunasan'),
(36,	'2021-10-11 16:22:00',	36,	3,	1650000,	0,	NULL,	'Angsuran',	'D',	1,	48,	NULL,	'admin',	'langsung bayar ke bendahara'),
(37,	'2021-10-11 16:22:00',	27,	1,	456700,	0,	NULL,	'Angsuran',	'D',	1,	48,	NULL,	'admin',	'');

DROP TABLE IF EXISTS `tbl_pinjaman_h`;
CREATE TABLE `tbl_pinjaman_h` (
  `id` bigint(20) NOT NULL AUTO_INCREMENT,
  `tgl_pinjam` datetime NOT NULL,
  `anggota_id` bigint(20) NOT NULL,
  `barang_id` bigint(20) DEFAULT NULL,
  `lama_angsuran` bigint(20) NOT NULL,
  `jumlah` int(11) NOT NULL,
  `bunga` float(10,2) NOT NULL,
  `biaya_adm` int(11) NOT NULL,
  `lunas` enum('Belum','Lunas') NOT NULL,
  `dk` enum('D','K') NOT NULL,
  `kas_id` bigint(20) NOT NULL,
  `jns_trans` bigint(20) NOT NULL,
  `update_data` datetime DEFAULT NULL,
  `user_name` varchar(255) NOT NULL,
  `keterangan` varchar(255) NOT NULL,
  `contoh` int(23) DEFAULT NULL,
  PRIMARY KEY (`id`),
  KEY `anggota_id` (`anggota_id`),
  KEY `kas_id` (`kas_id`),
  KEY `user_name` (`user_name`),
  KEY `jns_trans` (`jns_trans`),
  KEY `barang_id` (`barang_id`),
  CONSTRAINT `tbl_pinjaman_h_ibfk_1` FOREIGN KEY (`anggota_id`) REFERENCES `tbl_anggota` (`id`) ON UPDATE CASCADE,
  CONSTRAINT `tbl_pinjaman_h_ibfk_2` FOREIGN KEY (`kas_id`) REFERENCES `nama_kas_tbl` (`id`) ON UPDATE CASCADE,
  CONSTRAINT `tbl_pinjaman_h_ibfk_3` FOREIGN KEY (`user_name`) REFERENCES `tbl_user` (`u_name`) ON UPDATE CASCADE,
  CONSTRAINT `tbl_pinjaman_h_ibfk_4` FOREIGN KEY (`jns_trans`) REFERENCES `jns_akun` (`id`) ON UPDATE CASCADE,
  CONSTRAINT `tbl_pinjaman_h_ibfk_5` FOREIGN KEY (`barang_id`) REFERENCES `tbl_barang` (`id`) ON UPDATE CASCADE
) ENGINE=InnoDB DEFAULT CHARSET=utf8mb3;

INSERT INTO `tbl_pinjaman_h` (`id`, `tgl_pinjam`, `anggota_id`, `barang_id`, `lama_angsuran`, `jumlah`, `bunga`, `biaya_adm`, `lunas`, `dk`, `kas_id`, `jns_trans`, `update_data`, `user_name`, `keterangan`, `contoh`) VALUES
(2,	'2021-10-06 11:44:00',	14,	1,	12,	500000,	1.00,	1500,	'Belum',	'K',	1,	7,	NULL,	'admin',	'',	NULL),
(3,	'2021-10-06 11:33:00',	10,	1,	6,	500000,	1.00,	1500,	'Belum',	'K',	1,	7,	NULL,	'admin',	'',	NULL),
(4,	'2021-10-06 11:33:00',	10,	1,	6,	500000,	1.00,	1500,	'Belum',	'K',	1,	7,	NULL,	'admin',	'',	NULL),
(5,	'2021-10-06 11:48:00',	9,	3,	10,	100000,	1.00,	1500,	'Belum',	'K',	1,	7,	NULL,	'admin',	'',	NULL),
(6,	'2021-10-06 11:49:00',	22,	3,	3,	100000,	1.00,	1500,	'Belum',	'K',	1,	7,	NULL,	'admin',	'',	NULL),
(7,	'2021-10-06 11:49:00',	4,	5,	10,	3500000,	1.00,	1500,	'Belum',	'K',	1,	7,	NULL,	'admin',	'AC',	NULL),
(8,	'2021-10-06 11:48:00',	25,	5,	12,	3500000,	1.00,	1500,	'Belum',	'K',	5,	7,	NULL,	'admin',	'',	NULL),
(9,	'2021-10-06 11:49:00',	6,	5,	12,	3500000,	1.00,	1500,	'Belum',	'K',	1,	7,	NULL,	'admin',	'keperluan',	NULL),
(10,	'2021-10-06 11:50:00',	1,	4,	12,	1000000,	1.00,	1500,	'Belum',	'K',	1,	7,	NULL,	'admin',	'',	NULL),
(11,	'2021-10-06 11:49:00',	20,	5,	10,	3500000,	1.00,	1500,	'Belum',	'K',	1,	7,	NULL,	'admin',	'',	NULL),
(12,	'2021-10-06 11:50:00',	7,	6,	12,	1700000,	1.00,	1500,	'Belum',	'K',	1,	7,	NULL,	'admin',	'',	NULL),
(13,	'2021-10-06 11:50:00',	5,	3,	12,	100000,	1.00,	1500,	'Belum',	'K',	1,	7,	NULL,	'admin',	'',	NULL),
(14,	'2021-10-06 11:52:00',	1,	7,	12,	2000000,	1.00,	1500,	'Belum',	'K',	1,	7,	NULL,	'admin',	'',	NULL),
(15,	'2021-10-06 11:52:00',	2,	1,	6,	500000,	1.00,	1500,	'Belum',	'K',	1,	7,	NULL,	'admin',	'-',	NULL),
(16,	'2021-10-06 11:52:00',	25,	2,	18,	5000000,	1.00,	1500,	'Belum',	'K',	5,	7,	NULL,	'admin',	'',	NULL),
(17,	'2021-10-06 12:17:00',	8,	2,	6,	5000000,	1.00,	1500,	'Belum',	'K',	5,	7,	NULL,	'admin',	'',	NULL),
(18,	'2021-10-11 15:51:00',	1,	NULL,	3,	4000000,	9.60,	0,	'Belum',	'K',	1,	7,	NULL,	'admin',	'Oktober',	NULL),
(19,	'2021-10-11 15:55:00',	33,	NULL,	3,	3000000,	9.60,	0,	'Belum',	'K',	12,	7,	NULL,	'admin',	'',	NULL),
(20,	'2021-10-11 15:55:00',	75,	NULL,	12,	50000000,	9.60,	0,	'Belum',	'K',	1,	7,	NULL,	'admin',	'',	NULL),
(21,	'2021-10-11 15:56:00',	27,	NULL,	20,	10000000,	9.60,	0,	'Belum',	'K',	1,	7,	NULL,	'admin',	'',	NULL),
(22,	'2021-10-11 15:56:00',	79,	NULL,	12,	5000000,	9.60,	0,	'Belum',	'K',	1,	7,	NULL,	'admin',	'Darmawisata',	NULL),
(23,	'2021-10-11 15:55:00',	65,	NULL,	12,	5000000,	9.60,	0,	'Belum',	'K',	1,	7,	NULL,	'Admin',	'Oktober',	NULL),
(24,	'2021-10-11 15:57:00',	28,	NULL,	12,	5000000,	9.60,	0,	'Belum',	'K',	1,	7,	NULL,	'admin',	'',	NULL),
(25,	'2021-10-11 15:55:00',	67,	NULL,	12,	10000000,	9.60,	0,	'Belum',	'K',	1,	7,	NULL,	'admin',	'Kredit Barang',	NULL),
(26,	'2021-10-11 15:55:00',	76,	NULL,	12,	30000000,	9.60,	0,	'Belum',	'K',	1,	7,	NULL,	'admin',	'Aktif',	NULL),
(27,	'2021-10-11 15:58:00',	83,	NULL,	12,	5000000,	9.60,	0,	'Belum',	'K',	1,	7,	NULL,	'admin',	'',	NULL),
(28,	'2021-10-11 15:55:00',	35,	NULL,	36,	60000000,	9.60,	0,	'Belum',	'K',	1,	7,	NULL,	'admin',	'',	NULL),
(29,	'2021-10-11 15:59:00',	85,	NULL,	12,	5000000,	9.60,	0,	'Lunas',	'K',	1,	7,	NULL,	'admin',	'',	NULL),
(30,	'2021-10-11 16:02:00',	30,	NULL,	24,	50000000,	9.60,	0,	'Belum',	'K',	1,	7,	NULL,	'admin',	'',	NULL),
(31,	'2021-10-11 16:05:00',	35,	NULL,	20,	60000000,	9.60,	0,	'Belum',	'K',	1,	7,	NULL,	'admin',	'',	NULL),
(32,	'2021-10-11 16:12:00',	29,	NULL,	20,	100000000,	10.00,	0,	'Belum',	'K',	1,	7,	NULL,	'admin',	'',	NULL),
(33,	'2021-10-11 16:12:00',	31,	NULL,	10,	20000000,	10.00,	0,	'Belum',	'K',	1,	7,	NULL,	'admin',	'',	NULL),
(34,	'2021-10-11 16:13:00',	82,	NULL,	10,	20000000,	10.00,	0,	'Belum',	'K',	5,	7,	NULL,	'admin',	'transfer',	NULL),
(35,	'2021-10-11 16:13:00',	81,	NULL,	12,	10000000,	10.00,	0,	'Belum',	'K',	1,	7,	NULL,	'admin',	'langsung bayar ke bendahara',	NULL),
(36,	'2021-10-11 16:16:00',	80,	NULL,	10,	15000000,	10.00,	0,	'Belum',	'K',	5,	7,	NULL,	'admin',	'Potong Gaji Uda',	NULL);

DROP TABLE IF EXISTS `tbl_setting`;
CREATE TABLE `tbl_setting` (
  `id` bigint(20) NOT NULL AUTO_INCREMENT,
  `opsi_key` varchar(255) NOT NULL,
  `opsi_val` varchar(255) NOT NULL,
  PRIMARY KEY (`id`)
) ENGINE=InnoDB DEFAULT CHARSET=utf8mb3;

INSERT INTO `tbl_setting` (`id`, `opsi_key`, `opsi_val`) VALUES
(1,	'nama_lembaga',	'KP-RI SMK NEGERI 3 PADANG'),
(2,	'nama_ketua',	'Drs. SYAMSIR'),
(3,	'hp_ketua',	''),
(4,	'alamat',	'Jl. Jend. Sudirman No.11 Padang'),
(5,	'telepon',	'0751-34373'),
(6,	'kota',	'PADANG'),
(7,	'email',	''),
(8,	'web',	'');

DROP TABLE IF EXISTS `tbl_trans_kas`;
CREATE TABLE `tbl_trans_kas` (
  `id` bigint(20) NOT NULL AUTO_INCREMENT,
  `tgl_catat` datetime NOT NULL,
  `jumlah` double NOT NULL,
  `keterangan` varchar(255) NOT NULL,
  `akun` enum('Pemasukan','Pengeluaran','Transfer') NOT NULL,
  `dari_kas_id` bigint(20) DEFAULT NULL,
  `untuk_kas_id` bigint(20) DEFAULT NULL,
  `jns_trans` bigint(20) DEFAULT NULL,
  `dk` enum('D','K') DEFAULT NULL,
  `update_data` datetime DEFAULT NULL,
  `user_name` varchar(255) NOT NULL,
  PRIMARY KEY (`id`),
  KEY `user_name` (`user_name`),
  KEY `dari_kas_id` (`dari_kas_id`,`untuk_kas_id`),
  KEY `untuk_kas_id` (`untuk_kas_id`),
  KEY `jns_trans` (`jns_trans`),
  CONSTRAINT `tbl_trans_kas_ibfk_2` FOREIGN KEY (`user_name`) REFERENCES `tbl_user` (`u_name`) ON UPDATE CASCADE,
  CONSTRAINT `tbl_trans_kas_ibfk_3` FOREIGN KEY (`dari_kas_id`) REFERENCES `nama_kas_tbl` (`id`) ON UPDATE CASCADE,
  CONSTRAINT `tbl_trans_kas_ibfk_4` FOREIGN KEY (`untuk_kas_id`) REFERENCES `nama_kas_tbl` (`id`) ON UPDATE CASCADE,
  CONSTRAINT `tbl_trans_kas_ibfk_5` FOREIGN KEY (`jns_trans`) REFERENCES `jns_akun` (`id`) ON UPDATE CASCADE
) ENGINE=InnoDB DEFAULT CHARSET=utf8mb3;

INSERT INTO `tbl_trans_kas` (`id`, `tgl_catat`, `jumlah`, `keterangan`, `akun`, `dari_kas_id`, `untuk_kas_id`, `jns_trans`, `dk`, `update_data`, `user_name`) VALUES
(1,	'2021-10-11 16:13:00',	456000,	'Angsuran',	'Pemasukan',	NULL,	1,	5,	'D',	NULL,	'admin');

DROP TABLE IF EXISTS `tbl_trans_sp`;
CREATE TABLE `tbl_trans_sp` (
  `id` bigint(20) NOT NULL AUTO_INCREMENT,
  `tgl_transaksi` datetime NOT NULL,
  `anggota_id` bigint(20) NOT NULL,
  `jenis_id` int(5) NOT NULL,
  `jumlah` double NOT NULL,
  `keterangan` varchar(255) NOT NULL,
  `akun` enum('Setoran','Penarikan') NOT NULL,
  `dk` enum('D','K') NOT NULL,
  `kas_id` bigint(20) NOT NULL,
  `update_data` datetime DEFAULT NULL,
  `user_name` varchar(255) NOT NULL,
  `nama_penyetor` varchar(255) NOT NULL,
  `no_identitas` varchar(20) NOT NULL,
  `alamat` varchar(255) NOT NULL,
  PRIMARY KEY (`id`),
  KEY `anggota_id` (`anggota_id`),
  KEY `jenis_id` (`jenis_id`),
  KEY `kas_id` (`kas_id`),
  KEY `user_name` (`user_name`),
  CONSTRAINT `tbl_trans_sp_ibfk_1` FOREIGN KEY (`anggota_id`) REFERENCES `tbl_anggota` (`id`) ON UPDATE CASCADE,
  CONSTRAINT `tbl_trans_sp_ibfk_2` FOREIGN KEY (`kas_id`) REFERENCES `nama_kas_tbl` (`id`) ON UPDATE CASCADE,
  CONSTRAINT `tbl_trans_sp_ibfk_4` FOREIGN KEY (`jenis_id`) REFERENCES `jns_simpan` (`id`) ON UPDATE CASCADE,
  CONSTRAINT `tbl_trans_sp_ibfk_5` FOREIGN KEY (`user_name`) REFERENCES `tbl_user` (`u_name`) ON UPDATE CASCADE
) ENGINE=InnoDB DEFAULT CHARSET=utf8mb3;

INSERT INTO `tbl_trans_sp` (`id`, `tgl_transaksi`, `anggota_id`, `jenis_id`, `jumlah`, `keterangan`, `akun`, `dk`, `kas_id`, `update_data`, `user_name`, `nama_penyetor`, `no_identitas`, `alamat`) VALUES
(1,	'2021-10-05 21:26:00',	1,	41,	50000,	'Oertana',	'Setoran',	'D',	1,	NULL,	'admin',	'Aldo',	'122838488',	'Jala'),
(2,	'2021-10-05 21:26:00',	1,	40,	100000,	'Oertana',	'Setoran',	'D',	1,	NULL,	'admin',	'Aldo',	'1322949',	'Jala'),
(3,	'2021-10-05 21:28:00',	1,	40,	100000,	'Oertana',	'Penarikan',	'K',	1,	NULL,	'admin',	'Aldo',	'1322949',	'Jala'),
(5,	'2021-10-06 10:42:00',	6,	40,	100000,	'',	'Setoran',	'D',	9,	NULL,	'admin',	'adm',	'01',	'padang'),
(6,	'2021-10-06 10:51:00',	2,	41,	50000,	'Simpanan Wajib',	'Setoran',	'D',	1,	NULL,	'admin',	'DERISMAN',	'AG0002',	'Sasok Ubi Kel.Padang Sarai'),
(7,	'2021-10-06 10:50:00',	13,	41,	100000,	'Tunai',	'Setoran',	'D',	8,	NULL,	'admin',	'Risma Sari',	'001',	'Padang'),
(11,	'2021-10-06 10:50:00',	8,	41,	50000,	'',	'Setoran',	'D',	5,	NULL,	'admin',	'',	'',	''),
(12,	'2021-10-06 10:52:00',	4,	40,	100000,	'Simpanan Pokok',	'Setoran',	'D',	1,	NULL,	'admin',	'Nelva Mutia Roza',	'1371112344',	'Perum Abi Lubuk MInturun'),
(13,	'2021-10-06 10:51:00',	2,	32,	250000,	'Simpanan',	'Setoran',	'D',	1,	NULL,	'admin',	'DERISMAN',	'1371111211890000',	'Sasok Ubi'),
(14,	'2021-10-06 10:50:00',	23,	41,	100000,	'transfer',	'Setoran',	'D',	9,	NULL,	'admin',	'Risma Sari',	'02',	'Padang'),
(15,	'2021-10-06 10:54:00',	8,	40,	100000,	'',	'Setoran',	'D',	5,	NULL,	'admin',	'',	'',	''),
(16,	'2021-10-06 10:54:00',	21,	40,	25000,	'',	'Setoran',	'D',	5,	NULL,	'admin',	'',	'',	''),
(17,	'2021-10-06 10:53:00',	9,	41,	50000,	'',	'Setoran',	'D',	1,	NULL,	'admin',	'Zulfa Mayasari',	'12345',	'Jl. Kuini no. 79'),
(18,	'2021-10-06 10:54:00',	21,	41,	50000,	'',	'Setoran',	'D',	5,	NULL,	'admin',	'',	'',	''),
(19,	'2021-10-06 10:54:00',	14,	40,	500000,	'',	'Setoran',	'D',	1,	NULL,	'admin',	'',	'',	''),
(20,	'2021-10-06 10:54:00',	1,	32,	100000,	'',	'Setoran',	'D',	1,	NULL,	'admin',	'aldo',	'133413213234',	'jalan'),
(21,	'2021-10-06 10:54:00',	6,	41,	50000,	'',	'Setoran',	'D',	1,	NULL,	'admin',	'adm',	'33333',	'padang'),
(22,	'2021-10-06 10:50:00',	5,	32,	100000,	'',	'Setoran',	'D',	1,	NULL,	'admin',	'Cici Antika',	'1371116901970002',	'Baringin'),
(23,	'2021-10-06 10:50:00',	3,	41,	50000,	'Simpanan Wajib Bulan Oktober 2021',	'Setoran',	'D',	1,	NULL,	'admin',	'Edril Hermayendra',	'',	'Tabing'),
(24,	'2021-10-06 10:52:00',	20,	41,	50000,	'',	'Setoran',	'D',	1,	NULL,	'admin',	'Syafrial',	'',	'Lubuk Buaya Padang'),
(25,	'2021-10-06 10:54:00',	10,	32,	200000,	'',	'Setoran',	'D',	1,	NULL,	'admin',	'Annisa Anja.B',	'',	''),
(26,	'2021-10-06 10:55:00',	13,	41,	100000,	'Ambil',	'Penarikan',	'K',	1,	NULL,	'admin',	'Elsi Yuliana',	'001',	'Padang'),
(27,	'2021-10-06 10:54:00',	14,	41,	10000,	'',	'Setoran',	'D',	1,	NULL,	'admin',	'',	'',	''),
(28,	'2021-10-06 10:52:00',	11,	40,	25000,	'',	'Setoran',	'D',	1,	NULL,	'admin',	'RIRI ',	'',	''),
(29,	'2021-10-06 10:52:00',	4,	41,	200000,	'',	'Setoran',	'D',	1,	NULL,	'admin',	'Roza',	'1237544',	'Perum Abi Lumin'),
(30,	'2021-10-06 10:57:00',	1,	40,	25000,	'',	'Setoran',	'D',	1,	NULL,	'admin',	'aldo',	'133413213234',	'jala'),
(31,	'2021-10-06 10:54:00',	16,	41,	75000,	'',	'Setoran',	'D',	1,	NULL,	'admin',	'Rilda Gumala',	'',	''),
(32,	'2021-10-06 10:54:00',	10,	40,	25000,	'',	'Setoran',	'D',	1,	NULL,	'admin',	'Annisa Anja.B',	'',	''),
(33,	'2021-10-06 10:50:00',	5,	40,	25000,	'',	'Setoran',	'D',	1,	NULL,	'admin',	'Cici Antika',	'1371116901970002',	'Baringin'),
(35,	'2021-10-06 10:57:00',	20,	40,	25000,	'',	'Setoran',	'D',	1,	NULL,	'admin',	'',	'',	''),
(36,	'2021-10-06 10:57:00',	2,	40,	25000,	'Simpok',	'Setoran',	'D',	1,	NULL,	'admin',	'derisman',	'1371111211890000',	'Sasok Ubi'),
(38,	'2021-10-06 10:57:00',	7,	40,	25000,	'',	'Setoran',	'D',	1,	NULL,	'admin',	'Nila Sari',	'12345678',	'Jl andalas'),
(39,	'2021-10-06 10:54:00',	10,	41,	50000,	'',	'Setoran',	'D',	1,	NULL,	'admin',	'Annisa Anja.B',	'',	''),
(40,	'2021-10-06 10:58:00',	9,	41,	50000,	'',	'Setoran',	'D',	1,	NULL,	'admin',	'Zulfa Mayasari',	'12345',	'Jalan Kuini no. 79'),
(41,	'2021-10-06 10:59:00',	4,	32,	150000,	'',	'Setoran',	'D',	1,	NULL,	'admin',	'Nelva',	'12144',	'Perum Abi Lumin'),
(42,	'2021-10-06 10:56:00',	15,	41,	50000,	'',	'Setoran',	'D',	1,	NULL,	'admin',	'suamnti',	'12345',	'jjjj'),
(43,	'2021-10-06 11:00:00',	5,	41,	50000,	'',	'Setoran',	'D',	1,	NULL,	'admin',	'Cici Antika',	'1371116901970002',	'Baringin'),
(44,	'2021-10-06 10:59:00',	11,	41,	50000,	'',	'Setoran',	'D',	1,	NULL,	'admin',	'Riri',	'',	''),
(45,	'2021-10-06 11:00:00',	9,	32,	25000,	'',	'Setoran',	'D',	1,	NULL,	'admin',	'Zulfa Mayasari',	'12345',	''),
(46,	'2021-10-06 10:54:00',	16,	40,	25000,	'',	'Setoran',	'D',	1,	NULL,	'admin',	'Rilda Gumala',	'12345',	''),
(47,	'2021-10-06 10:57:00',	7,	41,	50000,	'',	'Setoran',	'D',	1,	NULL,	'admin',	'Nila sari',	'12345678',	'jl.andalas'),
(48,	'2021-10-06 11:02:00',	9,	40,	50000,	'',	'Setoran',	'D',	1,	NULL,	'admin',	'Zulfa Mayasari',	'12345',	''),
(49,	'2021-10-06 11:02:00',	25,	40,	25000,	'',	'Setoran',	'D',	4,	NULL,	'admin',	'yona yulia putri',	'yona',	'padang'),
(50,	'2021-10-06 10:54:00',	16,	32,	100000,	'',	'Setoran',	'D',	1,	NULL,	'admin',	'Rilda Gumala',	'12345',	''),
(51,	'2021-10-06 11:01:00',	6,	32,	150000,	'',	'Setoran',	'D',	1,	NULL,	'admin',	'adm',	'666',	'padang'),
(52,	'2021-10-06 10:57:00',	7,	32,	100000,	'',	'Setoran',	'D',	1,	NULL,	'admin',	'NILA SARI',	'12345678',	'JL.ANDALAS'),
(53,	'2021-10-06 10:57:00',	7,	32,	100000,	'',	'Setoran',	'D',	1,	NULL,	'admin',	'NILA SARI',	'12345678',	'JL.ANDALAS'),
(54,	'2021-10-06 10:57:00',	7,	32,	100000,	'',	'Setoran',	'D',	1,	NULL,	'admin',	'NILA SARI',	'12345678',	'JL.ANDALAS'),
(55,	'2021-10-06 10:57:00',	7,	32,	100000,	'',	'Setoran',	'D',	1,	NULL,	'admin',	'NILA SARI',	'12345678',	'JL.ANDALAS'),
(56,	'2021-10-06 10:57:00',	7,	32,	100000,	'',	'Setoran',	'D',	1,	NULL,	'admin',	'NILA SARI',	'12345678',	'JL.ANDALAS'),
(57,	'2021-10-06 11:03:00',	25,	32,	100000,	'',	'Setoran',	'D',	4,	NULL,	'admin',	'yona yulia putri',	'12345678',	'padang'),
(59,	'2021-10-06 11:03:00',	11,	32,	150000,	'',	'Setoran',	'D',	1,	NULL,	'admin',	'Riri',	'',	''),
(60,	'2021-10-06 11:04:00',	25,	41,	50000,	'',	'Setoran',	'D',	4,	NULL,	'admin',	'yona yulia putri',	'12345678',	'padang'),
(62,	'2021-10-06 11:05:00',	3,	32,	250000,	'Simpanan Sukarela Bulan Oktober 2021',	'Setoran',	'D',	1,	NULL,	'admin',	'Edril Hermayendra',	'',	'Komplek Wisma Indah III Blok E7 Parupuk Tabing Koto Tangah'),
(64,	'2021-10-06 11:06:00',	3,	40,	25000,	'',	'Setoran',	'D',	1,	NULL,	'admin',	'Edril Hermayendra',	'',	'Komplek Wisma Indah III Blok E7 Parupuk Tabing Koto Tangah'),
(65,	'2021-10-06 11:03:00',	12,	41,	50000,	'',	'Setoran',	'D',	1,	NULL,	'admin',	'SYAFrial',	'213123',	'jalan'),
(66,	'2021-10-06 11:06:00',	22,	40,	1000000,	'',	'Setoran',	'D',	1,	NULL,	'admin',	'',	'',	''),
(67,	'2021-10-06 10:56:00',	15,	32,	100000,	'',	'Setoran',	'D',	1,	NULL,	'admin',	'sumanti',	'12345',	''),
(68,	'2021-10-06 11:07:00',	12,	40,	25000,	'',	'Setoran',	'D',	1,	NULL,	'admin',	'',	'',	''),
(69,	'2021-10-06 10:55:00',	21,	41,	50000,	'-',	'Penarikan',	'K',	8,	NULL,	'admin',	'Ermila',	'001',	'Padaang'),
(70,	'2021-10-06 11:06:00',	18,	32,	150000,	'',	'Setoran',	'D',	1,	NULL,	'admin',	'Drs. Junaidi',	'',	'Perumahan Banuaran Blok O No. 10 Banuaran Nan XX Kecamatan Lubuk Begalung'),
(71,	'2021-10-06 10:56:00',	15,	41,	50000,	'',	'Setoran',	'D',	1,	NULL,	'admin',	'sumanti',	'12345',	''),
(72,	'2021-10-06 10:56:00',	15,	41,	50000,	'',	'Setoran',	'D',	1,	NULL,	'admin',	'sumanti',	'12345',	''),
(73,	'2021-10-06 11:08:00',	12,	32,	100000,	'',	'Setoran',	'D',	1,	NULL,	'admin',	'',	'',	''),
(74,	'2021-10-06 10:56:00',	15,	41,	50000,	'',	'Setoran',	'D',	1,	NULL,	'admin',	'sumanti',	'12345',	''),
(75,	'2021-10-06 11:09:00',	21,	32,	100000,	'',	'Setoran',	'D',	5,	NULL,	'admin',	'',	'',	''),
(76,	'2021-10-06 11:06:00',	18,	40,	25000,	'',	'Setoran',	'D',	1,	NULL,	'admin',	'Drs. Junaidi',	'',	'Perumahan Banuaran'),
(77,	'2021-10-06 11:09:00',	8,	32,	100000,	'',	'Setoran',	'D',	5,	NULL,	'admin',	'',	'',	''),
(78,	'2021-10-06 11:06:00',	18,	41,	50000,	'',	'Setoran',	'D',	1,	NULL,	'admin',	'Drs. Junaidi',	'',	'Perumahan Banuaran'),
(79,	'2021-10-06 11:10:00',	20,	32,	100000,	'',	'Setoran',	'D',	1,	NULL,	'admin',	'Syafrial',	'',	''),
(80,	'2021-10-06 11:10:00',	17,	32,	500000,	'',	'Setoran',	'D',	1,	NULL,	'admin',	'enihidayati',	'',	''),
(81,	'2021-10-06 11:13:00',	21,	41,	100000,	'',	'Setoran',	'D',	5,	NULL,	'admin',	'',	'',	''),
(82,	'2021-10-06 11:10:00',	17,	40,	25000,	'',	'Setoran',	'D',	1,	NULL,	'admin',	'',	'',	''),
(84,	'2021-10-06 11:10:00',	17,	40,	25000,	'',	'Setoran',	'D',	1,	NULL,	'admin',	'',	'',	''),
(86,	'2021-10-06 11:27:00',	26,	40,	500000,	'',	'Setoran',	'D',	1,	NULL,	'admin',	'',	'',	''),
(87,	'2021-10-06 11:27:00',	26,	41,	10000,	'',	'Setoran',	'D',	1,	NULL,	'admin',	'',	'',	''),
(88,	'2021-10-06 11:32:00',	19,	40,	25000,	'',	'Setoran',	'D',	1,	NULL,	'admin',	'Bustami',	'03',	''),
(89,	'2021-10-06 11:32:00',	19,	40,	25000,	'',	'Setoran',	'D',	1,	NULL,	'admin',	'Bustami',	'',	''),
(90,	'2021-10-06 11:32:00',	19,	32,	500000,	'-',	'Setoran',	'D',	1,	NULL,	'admin',	'Bustami',	'03',	''),
(91,	'2021-10-06 11:32:00',	19,	40,	25000,	'',	'Setoran',	'D',	1,	NULL,	'admin',	'Bustami',	'03',	''),
(92,	'2021-10-06 11:41:00',	19,	41,	50000,	'',	'Setoran',	'D',	1,	NULL,	'admin',	'Bustami',	'03',	''),
(93,	'2021-10-11 14:46:00',	77,	41,	250000,	'pembayaran wajib an meirita',	'Setoran',	'D',	1,	NULL,	'admin',	'meirita',	'0812',	'padang'),
(94,	'2021-10-11 14:46:00',	35,	41,	150000,	'',	'Setoran',	'D',	1,	NULL,	'admin',	'Elvirdanetti',	'0035',	'Bariang'),
(95,	'2021-10-11 14:45:00',	34,	40,	150000,	'',	'Setoran',	'D',	1,	NULL,	'admin',	'Rina Umar',	'137',	'Komp.bca'),
(96,	'2021-10-11 14:45:00',	49,	41,	250000,	'Pembayaran simpanan wajib a.n Deffi Mailita, S.Pd',	'Setoran',	'D',	1,	NULL,	'admin',	'Deffi Mailita, S.Pd',	'0813',	'Padang'),
(97,	'2021-10-11 14:45:00',	65,	41,	150000,	'Oktober',	'Setoran',	'D',	1,	NULL,	'Admin',	'Yanti',	'123456',	'Kampung Jua'),
(98,	'2021-10-11 14:45:00',	75,	41,	300000,	'Oktober',	'Setoran',	'D',	1,	NULL,	'admin',	'Aldo',	'133413213234',	'Komplek Jala'),
(99,	'2021-10-11 14:45:00',	67,	41,	300000,	'-',	'Setoran',	'D',	1,	NULL,	'admin',	'Amril',	'-',	'-'),
(100,	'2021-10-11 14:45:00',	33,	41,	300000,	'',	'Setoran',	'D',	12,	NULL,	'admin',	'Parmisawati',	'1234',	'Balai Baru'),
(101,	'2021-10-11 14:49:00',	79,	41,	300000,	'oktober',	'Setoran',	'D',	1,	NULL,	'admin',	'Ema',	'13245678987',	'Alai Parak kopi'),
(102,	'2021-10-11 14:45:00',	28,	41,	300000,	'tes',	'Setoran',	'D',	1,	NULL,	'admin',	'jufrin',	'0000',	'padang'),
(103,	'2021-10-11 14:49:00',	78,	41,	150000,	'Simpanan Wajib',	'Setoran',	'D',	1,	'2021-10-11 15:03:00',	'admin',	'Lusi',	'1234',	'limau manis'),
(104,	'2021-10-11 14:49:00',	78,	41,	150000,	'Simpanan Wajib',	'Setoran',	'D',	1,	'2021-10-11 15:03:00',	'admin',	'Lusi',	'1234',	'limau manis'),
(105,	'2021-10-11 14:49:00',	78,	41,	150000,	'Simpanan Wajib',	'Setoran',	'D',	1,	'2021-10-11 15:04:00',	'admin',	'Lusi',	'1234',	'limau manis'),
(106,	'2021-10-11 14:49:00',	78,	41,	300000,	'Simpanan Wajib',	'Setoran',	'D',	1,	NULL,	'admin',	'Lusi',	'1234',	'limau manis'),
(107,	'2021-10-11 14:46:00',	32,	32,	200000,	'',	'Setoran',	'D',	1,	NULL,	'admin',	'AMRIL',	'13729',	'TABING'),
(108,	'2021-10-11 14:52:00',	80,	40,	40000,	'',	'Setoran',	'D',	1,	NULL,	'admin',	'darsimah',	'',	'PISANG'),
(109,	'2021-10-11 14:45:00',	76,	40,	150000,	'Simpanan Wajib',	'Setoran',	'D',	1,	NULL,	'admin',	'Dra. Anggia Dermi, M. Pd',	'12323',	'JR'),
(110,	'2021-10-11 14:45:00',	30,	41,	300000,	'',	'Setoran',	'D',	1,	NULL,	'admin',	'yugem',	'0000',	'padang'),
(112,	'2021-10-11 14:45:00',	74,	40,	150000,	'',	'Setoran',	'D',	1,	NULL,	'admin',	'Rizza Trisna',	'123456',	'Jl. Rawang timur'),
(113,	'2021-10-11 14:58:00',	81,	40,	40000,	'',	'Setoran',	'D',	1,	NULL,	'admin',	'YOVA',	'',	'KOTO LUA'),
(114,	'2021-10-11 14:58:00',	82,	40,	40000,	'',	'Setoran',	'D',	1,	NULL,	'admin',	'YULI',	'',	'AIR DINGIN'),
(115,	'2021-10-11 14:58:00',	80,	32,	500000,	'',	'Setoran',	'D',	1,	NULL,	'admin',	'darsimah',	'',	''),
(116,	'2021-10-11 15:02:00',	81,	32,	1000000,	'',	'Setoran',	'D',	1,	NULL,	'admin',	'YOVA',	'',	''),
(117,	'2021-10-11 15:02:00',	82,	32,	1000000,	'',	'Setoran',	'D',	5,	NULL,	'admin',	'YULI',	'',	''),
(118,	'2021-10-11 15:03:00',	64,	41,	300000,	'',	'Setoran',	'D',	1,	NULL,	'admin',	'Jamaksar',	'123456',	'jl. Rambutan IV/40 Belimbing'),
(119,	'2021-10-11 15:05:00',	76,	41,	300000,	'Aktif',	'Setoran',	'D',	1,	NULL,	'admin',	'Dra. Anggia Dermi, M. Pd',	'1',	'JR'),
(120,	'2021-10-11 15:08:00',	84,	41,	300000,	'oktober',	'Setoran',	'D',	1,	NULL,	'admin',	'Anmarti',	'45678899',	'Lubuk Buaya'),
(121,	'2021-10-11 15:38:00',	75,	40,	150000,	'Oktober',	'Setoran',	'D',	1,	NULL,	'admin',	'aldo',	'2131',	'Jalan'),
(122,	'2021-10-11 15:38:00',	75,	32,	100000,	'',	'Setoran',	'D',	1,	NULL,	'admin',	'aldo',	'213213',	'Jalan'),
(123,	'2021-10-11 15:37:00',	78,	32,	20000000,	'simpanan sukarela',	'Setoran',	'D',	5,	NULL,	'admin',	'Lusi Taufiq',	'1234',	'Indarung'),
(124,	'2021-10-11 15:47:00',	79,	40,	150000,	'Oktober',	'Setoran',	'D',	1,	NULL,	'admin',	'Mainar',	'12345678',	'Alai Parak Kopi'),
(125,	'2021-10-11 15:49:00',	79,	32,	200000,	'Oktober',	'Setoran',	'D',	1,	NULL,	'admin',	'Mainar',	'12345678',	'Alai Parak Kopi'),
(126,	'2021-10-11 15:53:00',	78,	40,	75000,	'simpanan pokok',	'Setoran',	'D',	1,	NULL,	'admin',	'Lusi',	'1234',	'Indarung');

DROP TABLE IF EXISTS `tbl_user`;
CREATE TABLE `tbl_user` (
  `id` bigint(20) NOT NULL AUTO_INCREMENT,
  `u_name` varchar(255) NOT NULL,
  `pass_word` varchar(255) NOT NULL,
  `aktif` enum('Y','N') NOT NULL,
  `level` enum('admin','operator','pinjaman') NOT NULL,
  PRIMARY KEY (`id`),
  UNIQUE KEY `u_name` (`u_name`)
) ENGINE=InnoDB DEFAULT CHARSET=utf8mb3;

INSERT INTO `tbl_user` (`id`, `u_name`, `pass_word`, `aktif`, `level`) VALUES
(1,	'admin',	'224bec3dd08832bc6a69873f15a50df406045f40',	'Y',	'admin'),
(4,	'user',	'e22b7d59cb35d199ab7e54ed0f2ef58f5da5347b',	'Y',	'operator'),
(5,	'pinjaman',	'efd2770f6782f7218be595baf2fc16bc7cf45143',	'Y',	'pinjaman');

DROP VIEW IF EXISTS `v_hitung_pinjaman`;
CREATE TABLE `v_hitung_pinjaman` (`id` bigint(20), `tgl_pinjam` datetime, `anggota_id` bigint(20), `lama_angsuran` bigint(20), `jumlah` int(11), `bunga` float(10,2), `biaya_adm` int(11), `lunas` enum('Belum','Lunas'), `dk` enum('D','K'), `kas_id` bigint(20), `user_name` varchar(255), `pokok_angsuran` decimal(14,4), `bunga_pinjaman` double(17,0), `ags_per_bulan` double(17,0), `tempo` datetime /* mariadb-5.3 */, `tagihan` double(17,0), `keterangan` varchar(255), `barang_id` bigint(20), `bln_sudah_angsur` bigint(20));


DROP VIEW IF EXISTS `v_transaksi`;
CREATE TABLE `v_transaksi` (`tbl` varchar(1), `id` bigint(20), `tgl` datetime /* mariadb-5.3 */, `kredit` double, `debet` double, `dari_kas` bigint(20), `untuk_kas` bigint(20), `transaksi` bigint(20), `ket` varchar(255), `user` varchar(255));


DROP TABLE IF EXISTS `v_hitung_pinjaman`;
CREATE ALGORITHM=UNDEFINED SQL SECURITY DEFINER VIEW `v_hitung_pinjaman` AS select `tbl_pinjaman_h`.`id` AS `id`,`tbl_pinjaman_h`.`tgl_pinjam` AS `tgl_pinjam`,`tbl_pinjaman_h`.`anggota_id` AS `anggota_id`,`tbl_pinjaman_h`.`lama_angsuran` AS `lama_angsuran`,`tbl_pinjaman_h`.`jumlah` AS `jumlah`,`tbl_pinjaman_h`.`bunga` AS `bunga`,`tbl_pinjaman_h`.`biaya_adm` AS `biaya_adm`,`tbl_pinjaman_h`.`lunas` AS `lunas`,`tbl_pinjaman_h`.`dk` AS `dk`,`tbl_pinjaman_h`.`kas_id` AS `kas_id`,`tbl_pinjaman_h`.`user_name` AS `user_name`,`tbl_pinjaman_h`.`jumlah` / `tbl_pinjaman_h`.`lama_angsuran` AS `pokok_angsuran`,round(ceiling(`tbl_pinjaman_h`.`jumlah` / `tbl_pinjaman_h`.`lama_angsuran` * `tbl_pinjaman_h`.`bunga` / 100),-2) AS `bunga_pinjaman`,round(ceiling((`tbl_pinjaman_h`.`jumlah` / `tbl_pinjaman_h`.`lama_angsuran` * `tbl_pinjaman_h`.`bunga` / 100 + `tbl_pinjaman_h`.`jumlah` / `tbl_pinjaman_h`.`lama_angsuran` + `tbl_pinjaman_h`.`biaya_adm`) * 100 / 100),-2) AS `ags_per_bulan`,`tbl_pinjaman_h`.`tgl_pinjam` + interval `tbl_pinjaman_h`.`lama_angsuran` month AS `tempo`,round(ceiling((`tbl_pinjaman_h`.`jumlah` / `tbl_pinjaman_h`.`lama_angsuran` * `tbl_pinjaman_h`.`bunga` / 100 + `tbl_pinjaman_h`.`jumlah` / `tbl_pinjaman_h`.`lama_angsuran` + `tbl_pinjaman_h`.`biaya_adm`) * 100 / 100),-2) * `tbl_pinjaman_h`.`lama_angsuran` AS `tagihan`,`tbl_pinjaman_h`.`keterangan` AS `keterangan`,`tbl_pinjaman_h`.`barang_id` AS `barang_id`,ifnull(max(`tbl_pinjaman_d`.`angsuran_ke`),0) AS `bln_sudah_angsur` from (`tbl_pinjaman_h` left join `tbl_pinjaman_d` on(`tbl_pinjaman_h`.`id` = `tbl_pinjaman_d`.`pinjam_id`)) group by `tbl_pinjaman_h`.`id`;

DROP TABLE IF EXISTS `v_transaksi`;
CREATE ALGORITHM=UNDEFINED SQL SECURITY DEFINER VIEW `v_transaksi` AS select 'A' AS `tbl`,`tbl_pinjaman_h`.`id` AS `id`,`tbl_pinjaman_h`.`tgl_pinjam` AS `tgl`,`tbl_pinjaman_h`.`jumlah` AS `kredit`,0 AS `debet`,`tbl_pinjaman_h`.`kas_id` AS `dari_kas`,NULL AS `untuk_kas`,`tbl_pinjaman_h`.`jns_trans` AS `transaksi`,`tbl_pinjaman_h`.`keterangan` AS `ket`,`tbl_pinjaman_h`.`user_name` AS `user` from `tbl_pinjaman_h` union select 'B' AS `tbl`,`tbl_pinjaman_d`.`id` AS `id`,`tbl_pinjaman_d`.`tgl_bayar` AS `tgl`,0 AS `kredit`,`tbl_pinjaman_d`.`jumlah_bayar` AS `debet`,NULL AS `dari_kas`,`tbl_pinjaman_d`.`kas_id` AS `untuk_kas`,`tbl_pinjaman_d`.`jns_trans` AS `transaksi`,`tbl_pinjaman_d`.`keterangan` AS `ket`,`tbl_pinjaman_d`.`user_name` AS `user` from `tbl_pinjaman_d` union select 'C' AS `tbl`,`tbl_trans_sp`.`id` AS `id`,`tbl_trans_sp`.`tgl_transaksi` AS `tgl`,if(`tbl_trans_sp`.`dk` = 'K',`tbl_trans_sp`.`jumlah`,0) AS `kredit`,if(`tbl_trans_sp`.`dk` = 'D',`tbl_trans_sp`.`jumlah`,0) AS `debet`,if(`tbl_trans_sp`.`dk` = 'K',`tbl_trans_sp`.`kas_id`,NULL) AS `dari_kas`,if(`tbl_trans_sp`.`dk` = 'D',`tbl_trans_sp`.`kas_id`,NULL) AS `untuk_kas`,`tbl_trans_sp`.`jenis_id` AS `transaksi`,`tbl_trans_sp`.`keterangan` AS `ket`,`tbl_trans_sp`.`user_name` AS `user` from `tbl_trans_sp` union select 'D' AS `tbl`,`tbl_trans_kas`.`id` AS `id`,`tbl_trans_kas`.`tgl_catat` AS `tgl`,if(`tbl_trans_kas`.`dk` = 'K',`tbl_trans_kas`.`jumlah`,if(`tbl_trans_kas`.`dk` is null,`tbl_trans_kas`.`jumlah`,0)) AS `kredit`,if(`tbl_trans_kas`.`dk` = 'D',`tbl_trans_kas`.`jumlah`,if(`tbl_trans_kas`.`dk` is null,`tbl_trans_kas`.`jumlah`,0)) AS `debet`,`tbl_trans_kas`.`dari_kas_id` AS `dari_kas`,`tbl_trans_kas`.`untuk_kas_id` AS `untuk_kas`,`tbl_trans_kas`.`jns_trans` AS `transaksi`,`tbl_trans_kas`.`keterangan` AS `ket`,`tbl_trans_kas`.`user_name` AS `user` from `tbl_trans_kas` order by `tgl`;

-- 2023-04-05 08:05:08
